0,49.4259491,,
1,49.44533539,,
2,49.32943344,,
3,49.48772812,,
4,49.28695679,,
5,49.42869186,,
6,49.33695221,,
7,49.54927063,,
8,49.33683014,,73.30105591
9,49.45707321,,48.92050934
10,49.32855225,,
11,49.54964828,,
12,49.41050339,,
13,49.54172516,,
14,49.36206818,,
15,49.58808899,,
16,49.37960815,,
17,49.51737213,,
18,49.39353943,,
19,49.64390182,,
20,49.39804077,,
21,49.53202438,,
22,49.36576462,,
23,49.59595871,,
24,49.46559906,,
25,49.60230637,,
26,49.42405701,,
27,49.60153198,,
28,49.32245636,,
29,49.47234344,,
30,49.37473679,,
31,49.59105682,,
32,49.43243408,,
33,49.52204514,,
34,49.38976669,,
35,49.60653687,,
36,49.48233032,,
37,49.60900879,,
38,49.36030197,,
39,49.5310173,,
40,49.34125519,,
41,49.51871872,,
42,49.21674728,,
43,49.31545258,,
44,49.19253159,,
45,49.41125107,,
46,49.24092102,,
47,49.36299896,,
48,49.51749802,,
49,49.628582,,
50,49.39647675,,
51,49.64347458,,
52,49.49866867,,
53,49.68530273,,
54,49.49814987,,
55,49.62855148,,
56,49.49172974,,
57,49.66048431,,
58,49.38234711,,
59,49.64717865,,
60,49.63465881,,
61,49.78883362,,
62,49.60500336,,
63,49.85196686,,
64,49.59280396,,
65,49.866436,,
66,49.71261215,,
67,49.97240448,,
68,49.74416733,,
69,49.98147583,,
70,49.72366333,,
71,49.88164902,,
72,49.88949203,,
73,49.94245529,,
74,49.6681633,,
75,49.83303833,,
76,49.54970551,,
77,49.66992188,,
78,49.45333099,,
79,49.70885468,,
80,49.40876389,,
81,49.52056885,,
82,49.42463303,,
83,49.5688591,,
84,49.5535202,,
85,49.62646484,,
86,49.35215378,,
87,49.46227264,,
88,49.33894348,,
89,49.60603333,,
90,49.37740707,,
91,49.55619812,,
92,49.4352951,,
93,49.60675049,,
94,49.37849045,,
95,49.53967285,,
96,49.44182587,,
97,49.50268555,,
98,49.25611496,,
99,49.34978867,,
100,49.1750412,,
101,49.45875168,,
102,49.24460983,,
103,49.3632431,,
104,49.25785446,,
105,49.53600311,,
106,49.33089447,,
107,49.48468781,,
108,49.45697784,,
109,49.58164215,,
110,49.3759079,,
111,49.52220917,,
112,49.38392639,,
113,49.63051605,,
114,49.41465378,,
115,49.64439011,,
116,49.41812134,,
117,49.63632965,,
118,49.39089966,,
119,49.59494019,,
120,49.46265793,,
121,49.62574387,,
122,49.45674896,,
123,49.72448349,,
124,49.5098381,,
125,49.71226501,,
126,49.48699951,,
127,49.64187241,,
128,49.52921677,,
129,49.74442291,,
130,49.51911545,,
131,49.67072678,,
132,49.5923233,,
133,49.74810791,,
134,49.53213501,,
135,49.71421814,,
136,49.51966858,,
137,49.68023682,,
138,49.50980759,,
139,49.74403,,
140,49.53025436,,
141,49.72060394,,
142,49.4997673,,
143,49.62883759,,
144,49.6199913,,
145,49.78699493,,
146,49.52928162,,
147,49.66129684,,
148,49.41849899,,
149,49.55715179,,
150,49.47488403,,
151,49.60367584,,
152,49.3435173,,
153,49.41941833,,
154,49.16191101,,
155,49.33665466,,
156,49.16479492,,
157,49.20477295,,
158,49.02058029,,
159,49.13722992,,
160,48.92050934,,
161,49.15739059,,
162,49.00357056,,
163,49.31940842,,
164,49.01506805,,
165,49.20585251,,
166,49.0840683,,
167,49.29650116,,
168,49.21866608,,
169,49.26198959,,
170,49.07981873,,
171,49.31640625,,
172,49.10165024,,
173,49.17449188,,
174,49.03509521,,
175,49.26190948,,
176,49.06871796,,
177,49.18035889,,
178,49.0338974,,
179,49.20544434,,
180,49.23184204,,
181,49.38085556,,
182,49.10858154,,
183,49.31437302,,
184,49.09659958,,
185,49.25669098,,
186,49.04962158,,
187,49.16929245,,
188,49.06769562,,
189,49.26348114,,
190,49.04446411,,
191,49.19779587,,
192,49.16453552,,
193,49.30046844,,
194,49.1032486,,
195,49.23916626,,
196,49.08141327,,
197,49.31231689,,
198,49.1155014,,
199,49.28705597,,
200,49.06829071,,
201,49.26545334,,
202,49.0172348,,
203,49.17619324,,
204,49.15481186,,
205,49.27252197,,
206,49.07230759,,
207,49.19892502,,
208,49.02091599,,
209,49.21292114,,
210,48.96253204,,
211,49.163414,,
212,48.99069977,,
213,49.18674469,,
214,48.97660065,,
215,49.08251953,,
216,49.19080734,,
217,49.32246017,,
218,49.12419891,,
219,49.28142548,,
220,49.09281158,,
221,49.15880585,,
222,49.07844162,,
223,49.29382324,,
224,49.0848999,,
225,49.19540405,,
226,49.02760315,,
227,49.25397491,,
228,49.140728,,
229,49.30213928,,
230,49.12228394,,
231,49.25449371,,
232,49.05968475,,
233,49.17843246,,
234,49.02083588,,
235,49.22835541,,
236,49.0307579,,
237,49.10046005,,
238,49.00841522,,
239,49.22894287,,
240,49.1532402,,
241,49.26356506,,
242,49.07206345,,
243,49.28967285,,
244,49.07433319,,
245,49.27276611,,
246,49.15638351,,
247,49.40192795,,
248,49.17838669,,
249,49.34835815,,
250,49.22350311,,
251,49.28396606,,
252,49.34580612,,
253,49.48495102,,
254,49.29085541,,
255,49.44793701,,
256,49.27677155,,
257,49.45949554,,
258,49.20980835,,
259,49.40248871,,
260,49.22472382,,
261,49.4462738,,
262,49.1627121,,
263,49.32000351,,
264,49.26404953,,
265,49.39352417,,
266,49.18641281,,
267,49.29369354,,
268,49.14769745,,
269,49.36123276,,
270,49.16143799,,
271,49.33071518,,
272,49.08692551,,
273,49.21834946,,
274,49.09521103,,
275,49.31027985,,
276,49.23397827,,
277,49.26747894,,
278,49.13541794,,
279,49.39307404,,
280,49.16609192,,
281,49.33991241,,
282,49.17254639,,
283,49.33129883,,
284,49.11410522,,
285,49.26327515,,
286,49.12761688,,
287,49.34564209,,
288,49.28816986,,
289,49.4387207,,
290,49.21934128,,
291,49.32881927,,
292,49.18930054,,
293,49.42321777,,
294,49.20389557,,
295,49.40031052,,
296,49.28329468,,
297,49.37512207,,
298,49.21904755,,
299,49.47770309,,
300,49.37447739,,
301,49.46351242,,
302,49.2665329,,
303,49.41910934,,
304,49.26627731,,
305,49.43659592,,
306,49.27911377,,
307,49.551651,,
308,49.40092087,,
309,49.50135422,,
310,49.36146164,,
311,49.61645126,,
312,49.47556686,,
313,49.62054062,,
314,49.40814209,,
315,49.65331268,,
316,49.4718132,,
317,49.65576172,,
318,49.45185852,,
319,49.67011642,,
320,49.44330597,,
321,49.74044037,,
322,49.56092072,,
323,49.72079468,,
324,49.765728,,
325,49.87195969,,
326,49.66060638,,
327,49.76735687,,
328,49.64585876,,
329,49.87144089,,
330,49.66744995,,
331,49.77603912,,
332,49.62680054,,
333,49.77759933,,
334,49.51380157,,
335,49.57325363,,
336,49.43086243,,
337,49.56591797,,
338,49.42013168,,
339,49.61698532,,
340,49.39281845,,
341,49.52668381,,
342,49.37998581,,
343,49.58319092,,
344,49.37411499,,
345,49.4440918,,
346,49.30947113,,
347,49.54075623,,
348,49.47797775,,
349,49.65294647,,
350,49.41116333,,
351,49.52890015,,
352,49.38404465,,
353,49.53606796,,
354,49.29566574,,
355,49.38291168,,
356,49.32289124,,
357,49.54000854,,
358,49.25502014,,
359,49.37487793,,
360,49.36436081,,
361,49.55067062,,
362,49.29822922,,
363,49.43941498,,
364,49.26912689,,
365,49.53211975,,
366,49.35284424,,
367,49.52306747,,
368,49.34771729,,
369,49.5680542,,
370,49.36662292,,
371,49.50808334,,
372,49.53171921,,
373,49.68767929,,
374,49.43851852,,
375,49.61178589,,
376,49.39964294,,
377,49.49216843,,
378,49.38031006,,
379,49.5470047,,
380,49.34143066,,
381,49.4686203,,
382,49.2263298,,
383,49.34332275,,
384,49.34722137,,
385,49.40624619,,
386,49.19437408,,
387,49.41165161,,
388,49.19341278,,
389,49.34442139,,
390,49.22631836,,
391,49.43354416,,
392,49.20059204,,
393,49.4217453,,
394,49.28052902,,
395,49.47137451,,
396,49.34088135,,
397,49.43452454,,
398,49.29858398,,
399,49.45664215,,
400,49.25770187,,
401,49.41631317,,
402,49.28698349,,
403,49.47888947,,
404,49.29639816,,
405,49.40805054,,
406,49.31579208,,
407,49.52028656,,
408,49.46372223,,
409,49.60430908,,
410,49.3777771,,
411,49.53494263,,
412,49.32513428,,
413,49.50844955,,
414,49.29217529,,
415,49.47016525,,
416,49.27977753,,
417,49.43107605,,
418,49.25448608,,
419,49.51947784,,
420,49.43023682,,
421,49.51554489,,
422,49.34948349,,
423,49.57631683,,
424,49.33551788,,
425,49.49745941,,
426,49.35780334,,
427,49.53608322,,
428,49.28863144,,
429,49.43229294,,
430,49.29906464,,
431,49.52705002,,
432,49.42629242,,
433,49.60581207,,
434,49.38199997,,
435,49.51205063,,
436,49.37798309,,
437,49.60126495,,
438,49.42721558,,
439,49.49435425,,
440,49.31944275,,
441,49.48926926,,
442,49.29489136,,
443,49.4773674,,
444,49.52819824,,
445,49.57709503,,
446,49.36486053,,
447,49.56238556,,
448,49.33201218,,
449,49.48498535,,
450,49.33172607,,
451,49.53582764,,
452,49.29150391,,
453,49.43325806,,
454,49.29638672,,
455,49.52776337,,
456,49.45550156,,
457,49.58613205,,
458,49.36038208,,
459,49.58390045,,
460,49.39996338,,
461,49.58607101,,
462,49.40000534,,
463,49.56754303,,
464,49.3272934,,
465,49.52399826,,
466,49.27096558,,
467,49.39473724,,
468,49.44473267,,
469,49.60546112,,
470,49.41660309,,
471,49.61654663,,
472,49.40177536,,
473,49.54179001,,
474,49.37503815,,
475,49.59920502,,
476,49.3764267,,
477,49.50244141,,
478,49.36236572,,
479,49.58349609,,
480,49.52825165,,
481,49.66681671,,
482,49.4707489,,
483,49.62974548,,
484,49.37084961,,
485,49.53118134,,
486,49.28595734,,
487,49.54947662,,
488,49.30068588,,
489,49.44178391,,
490,49.32002258,,
491,49.5431366,,
492,49.43786621,,
493,49.578228,,
494,49.40634918,,
495,49.59157562,,
496,49.36251068,,
497,49.52145004,,
498,49.3742981,,
499,49.55244064,,
500,49.41555786,,
501,49.40113449,,
502,49.33406067,,
503,49.38106918,,
504,49.43806076,,
505,49.50892258,,
506,49.34920502,,
507,49.55540466,,
508,49.37144089,,
509,49.55355072,,
510,49.29430771,,
511,49.4312973,,
512,49.32563019,,
513,49.52394867,,
514,49.31460571,,
515,49.48388672,,
516,49.38284302,,
517,49.49705124,,
518,49.31417847,,
519,49.45011139,,
520,49.28808594,,
521,49.36126709,,
522,49.23914719,,
523,49.42846298,,
524,49.29096603,,
525,49.47136688,,
526,49.27767181,,
527,49.42951965,,
528,49.46548462,,
529,49.5875206,,
530,49.36400604,,
531,49.56642914,,
532,49.34232712,,
533,49.53467941,,
534,49.30427551,,
535,49.44591522,,
536,49.32456589,,
537,49.51116562,,
538,49.27762985,,
539,49.46207428,,
540,49.4383812,,
541,49.57335663,,
542,49.35831451,,
543,49.56264496,,
544,49.41798019,,
545,49.61016083,,
546,49.3644104,,
547,49.47431183,,
548,49.30727386,,
549,49.50100708,,
550,49.32010651,,
551,49.49189377,,
552,49.45957947,,
553,49.58817291,,
554,49.31554413,,
555,49.48684311,,
556,49.33382416,,
557,49.51047897,,
558,49.40834808,,
559,49.58342743,,
560,49.35870361,,
561,49.57303619,,
562,49.38831711,,
563,49.48191452,,
564,49.58405685,,
565,49.60511398,,
566,49.39184189,,
567,49.59751511,,
568,49.36640549,,
569,49.63936615,,
570,49.39227295,,
571,49.62269211,,
572,49.43452454,,
573,49.66455078,,
574,49.574646,,
575,49.74197388,,
576,49.77557373,,
577,49.84556198,,
578,49.64054489,,
579,49.88879395,,
580,49.62150574,,
581,49.72135925,,
582,49.55919647,,
583,49.80793762,,
584,49.5927124,,
585,49.73072815,,
586,49.65949631,,
587,49.72445679,,
588,49.83704758,,
589,49.91892242,,
590,49.71862793,,
591,49.91090012,,
592,49.70199203,,
593,49.94058228,,
594,49.68532562,,
595,49.80819321,,
596,49.6414299,,
597,49.92287445,,
598,49.65513229,,
599,49.76052094,,
600,49.67438889,,
601,49.79357147,,
602,49.59433746,,
603,49.73299789,,
604,49.62757492,,
605,49.81093597,,
606,49.56471252,,
607,49.77816772,,
608,49.56455231,,
609,49.73509979,,
610,49.54043198,,
611,49.65626144,,
612,49.63999557,,
613,49.75915527,,
614,49.52609253,,
615,49.74990082,,
616,49.52835083,,
617,49.70920944,,
618,49.49008179,,
619,49.70269012,,
620,49.53462982,,
621,49.80140305,,
622,49.60919189,,
623,49.79595947,,
624,49.85653687,,
625,50.03926849,,
626,49.74457932,,
627,50.02184296,,
628,49.76403046,,
629,49.97248459,,
630,49.84446335,,
631,50.0877533,,
632,49.87812424,,
633,50.11010361,,
634,49.90540314,,
635,50.09213257,,
636,50.08501434,,
637,50.21949387,,
638,50.01311493,,
639,50.14834595,,
640,49.92747498,,
641,50.116436,,
642,49.83469391,,
643,50.07962036,,
644,49.89095306,,
645,50.12338257,,
646,49.88890839,,
647,50.08773041,,
648,50.05662155,,
649,50.22033691,,
650,49.99996948,,
651,50.15110016,,
652,49.90065002,,
653,50.13892365,,
654,49.93125916,,
655,50.15454102,,
656,49.91655731,,
657,50.10615158,,
658,49.8455162,,
659,50.00875092,,
660,50.00102234,,
661,50.18903732,,
662,49.96857834,,
663,50.15984726,,
664,49.88811493,,
665,50.02695847,,
666,49.85531235,,
667,50.06705856,,
668,49.83955002,,
669,50.02980804,,
670,49.78858566,,
671,49.89472961,,
672,49.96296692,,
673,50.14573288,,
674,49.91020966,,
675,50.08020782,,
676,49.90301514,,
677,50.09104538,,
678,49.86758423,,
679,50.05064011,,
680,49.84861374,,
681,50.03077316,,
682,49.84286118,,
683,49.95973969,,
684,49.97031784,,
685,50.10380173,,
686,49.90308762,,
687,50.08488083,,
688,49.80399704,,
689,49.93885422,,
690,49.73868942,,
691,49.98807526,,
692,49.762146,,
693,49.91049957,,
694,49.73923874,,
695,49.96451569,,
696,50.03825378,,
697,50.13499451,,
698,49.94364548,,
699,50.17272186,,
700,49.98554611,,
701,50.22948456,,
702,49.98332214,,
703,50.19747162,,
704,49.88848114,,
705,50.11721039,,
706,49.89579773,,
707,50.06359863,,
708,50.04135895,,
709,50.26089478,,
710,49.95626068,,
711,50.21058273,,
712,49.99325562,,
713,50.18480682,,
714,49.9416008,,
715,50.11413574,,
716,49.99684906,,
717,50.21135712,,
718,49.94885254,,
719,50.13247299,,
720,50.11606598,,
721,50.29167938,,
722,50.09986496,,
723,50.2592392,,
724,50.03231049,,
725,50.24343491,,
726,50.02529144,,
727,50.16989136,,
728,50.07096863,,
729,50.29357529,,
730,49.99996948,,
731,50.1569519,,
732,50.04249191,,
733,50.2008667,,
734,49.95760345,,
735,50.18656921,,
736,49.92899323,,
737,50.14093781,,
738,49.9128418,,
739,50.05639648,,
740,49.9741745,,
741,50.22683334,,
742,49.97751617,,
743,50.08310699,,
744,50.12501144,,
745,50.33068085,,
746,50.07402802,,
747,50.29734421,,
748,50.05686569,,
749,50.31997681,,
750,50.17944336,,
751,50.2417717,,
752,50.09400558,,
753,50.28160858,,
754,50.05489731,,
755,50.26917267,,
756,50.25383759,,
757,50.3915329,,
758,50.08979797,,
759,50.36207199,,
760,50.10585022,,
761,50.29272461,,
762,50.11434174,,
763,50.2669754,,
764,50.14152145,,
765,50.36066818,,
766,50.0904007,,
767,50.28170395,,
768,50.30295944,,
769,50.478302,,
770,50.23085785,,
771,50.44115448,,
772,50.22827148,,
773,50.48595428,,
774,50.23849487,,
775,50.42565536,,
776,50.26893616,,
777,50.53947449,,
778,50.26705933,,
779,50.4174614,,
780,50.34672546,,
781,50.51432419,,
782,50.32369232,,
783,50.50667572,,
784,50.21839523,,
785,50.47240829,,
786,50.27342987,,
787,50.47925949,,
788,50.28870773,,
789,50.46460724,,
790,50.2352829,,
791,50.40359497,,
792,50.43935394,,
793,50.59159088,,
794,50.38921356,,
795,50.49618149,,
796,50.3254509,,
797,50.55805969,,
798,50.27232361,,
799,50.43528748,,
800,50.25864792,,
801,50.50942993,,
802,50.24349976,,
803,50.40720367,,
804,50.40638733,,
805,50.53182983,,
806,50.22800827,,
807,50.37473679,,
808,50.23450851,,
809,50.42324066,,
810,50.23199463,,
811,50.39881516,,
812,50.15148163,,
813,50.34992599,,
814,50.24369812,,
815,50.46529388,,
816,50.42865753,,
817,50.55276489,,
818,50.2857132,,
819,50.48163605,,
820,50.23955917,,
821,50.38594055,,
822,50.15416718,,
823,50.38140106,,
824,50.12657928,,
825,50.27213669,,
826,50.21105957,,
827,50.51356125,,
828,50.4778595,,
829,50.67864227,,
830,50.41678619,,
831,50.74220276,,
832,50.52369308,,
833,50.66622162,,
834,50.56942749,,
835,50.81396484,,
836,50.55421066,,
837,50.65221786,,
838,50.49248886,,
839,50.80200195,,
840,50.75478363,,
841,50.90021515,,
842,50.74813843,,
843,50.9445343,,
844,50.72245026,,
845,50.9323082,,
846,50.70791626,,
847,50.9277916,,
848,50.65328217,,
849,50.82171631,,
850,50.620224,,
851,50.85050964,,
852,50.69443512,,
853,50.88635254,,
854,50.63967896,,
855,50.83409882,,
856,50.64733124,,
857,50.86698532,,
858,50.60427856,,
859,50.75265121,,
860,50.5909729,,
861,50.85799408,,
862,50.66829681,,
863,50.81983948,,
864,50.81233978,,
865,50.95240784,,
866,50.66286469,,
867,50.82988739,,
868,50.723629,,
869,50.91719818,,
870,50.67260361,,
871,50.8954277,,
872,50.61348724,,
873,50.75091553,,
874,50.41939545,,
875,50.60274887,,
876,50.5381279,,
877,50.58698273,,
878,50.32100677,,
879,50.39445496,,
880,50.24598312,,
881,50.4992981,,
882,50.33840942,,
883,50.47098541,,
884,50.37159729,,
885,50.64233398,,
886,50.39745331,,
887,50.528759,,
888,50.57529449,,
889,50.71665955,,
890,50.47110748,,
891,50.63182068,,
892,50.39263153,,
893,50.53151703,,
894,50.44799423,,
895,50.62823486,,
896,50.3753891,,
897,50.49998093,,
898,50.28115845,,
899,50.55160522,,
900,50.56333542,,
901,50.61668015,,
902,50.35975266,,
903,50.62606812,,
904,50.36522675,,
905,50.65195465,,
906,50.47460175,,
907,50.73101425,,
908,50.47097778,,
909,50.7237854,,
910,50.51425171,,
911,50.66838837,,
912,50.73647308,,
913,50.86817551,,
914,50.64716721,,
915,50.81378174,,
916,50.59703827,,
917,50.82112885,,
918,50.58829498,,
919,50.78469086,,
920,50.56082153,,
921,50.75677109,,
922,50.52473068,,
923,50.70375061,,
924,50.60186768,,
925,50.72977829,,
926,50.51493454,,
927,50.73052979,,
928,50.51184082,,
929,50.68069458,,
930,50.50804138,,
931,50.76380539,,
932,50.52541733,,
933,50.7173996,,
934,50.48279572,,
935,50.60800171,,
936,50.4732132,,
937,50.62916565,,
938,50.44138336,,
939,50.66381836,,
940,50.40857697,,
941,50.56658173,,
942,50.28383636,,
943,50.35144043,,
944,50.16785812,,
945,50.36030197,,
946,50.08929062,,
947,50.29902267,,
948,50.24163818,,
949,50.38401413,,
950,50.16122437,,
951,50.30554962,,
952,50.05615234,,
953,50.32700729,,
954,50.0585289,,
955,50.18082809,,
956,49.99874878,,
957,50.27011108,,
958,50.08278656,,
959,50.27680588,,
960,50.29498291,,
961,50.39556885,,
962,50.20786667,,
963,50.4473877,,
964,50.13996506,,
965,50.37952805,,
966,50.17632294,,
967,50.3189621,,
968,50.15345383,,
969,50.38642502,,
970,50.15068054,,
971,50.34685516,,
972,50.31501389,,
973,50.43404388,,
974,50.25762939,,
975,50.55002594,,
976,50.29828644,,
977,50.48734283,,
978,50.25570679,,
979,50.56899643,,
980,50.34196091,,
981,50.4784317,,
982,50.33480453,,
983,50.59720993,,
984,50.51095581,,
985,50.69009399,,
986,50.43053436,,
987,50.66871262,,
988,50.38414001,,
989,50.65274811,,
990,50.40983582,,
991,50.69268799,,
992,50.48019409,,
993,50.75667572,,
994,50.48223877,,
995,50.65010834,,
996,50.59493256,,
997,50.77420044,,
998,50.51455688,,
999,50.85108948,,
1000,50.63397217,,
1001,50.65133667,,
1002,50.52941132,,
1003,50.78687286,,
1004,50.61481476,,
1005,50.77925873,,
1006,50.60009766,,
1007,50.88173676,,
1008,50.73461914,,
1009,50.91845322,,
1010,50.70659637,,
1011,50.96273804,,
1012,50.62075806,,
1013,50.81206512,,
1014,50.61690521,,
1015,50.87496567,,
1016,50.63122559,,
1017,50.78131104,,
1018,50.51989746,,
1019,50.67024231,,
1020,50.62703705,,
1021,50.78868103,,
1022,50.5217247,,
1023,50.68202972,,
1024,50.46898651,,
1025,50.57830811,,
1026,50.34944153,,
1027,50.57584381,,
1028,50.38149643,,
1029,50.64312744,,
1030,50.56826401,,
1031,50.58351135,,
1032,50.54624176,,
1033,50.68487549,,
1034,50.33240509,,
1035,50.53710175,,
1036,50.3851738,,
1037,50.63033295,,
1038,50.30469513,,
1039,50.44625092,,
1040,50.32481003,,
1041,50.46438599,,
1042,50.26480103,,
1043,50.46656799,,
1044,50.35983276,,
1045,50.48719406,,
1046,50.26311493,,
1047,50.45806503,,
1048,50.2104187,,
1049,50.31719971,,
1050,50.13001633,,
1051,50.38710785,,
1052,50.100811,,
1053,50.25418091,,
1054,50.01353073,,
1055,50.34489059,,
1056,50.1571579,,
1057,50.28165817,,
1058,50.03800964,,
1059,50.4258728,,
1060,50.13993454,,
1061,50.2338562,,
1062,50.06774139,,
1063,50.35765076,,
1064,50.1163559,,
1065,50.32086182,,
1066,50.15499115,,
1067,50.378582,,
1068,50.37268066,,
1069,50.59049988,,
1070,50.25669098,,
1071,50.4744072,,
1072,50.1865654,,
1073,50.41558456,,
1074,50.21549606,,
1075,50.43587494,,
1076,50.18141174,,
1077,50.42633057,,
1078,50.10681152,,
1079,50.26428223,,
1080,50.38188171,,
1081,50.44321823,,
1082,50.25269699,,
1083,50.4650383,,
1084,50.19238281,,
1085,50.31534576,,
1086,50.146492,,
1087,50.38840866,,
1088,50.18986511,,
1089,50.37210083,,
1090,50.08670044,,
1091,50.26158905,,
1092,50.15058136,,
1093,50.25385666,,
1094,50.02698898,,
1095,50.28240204,,
1096,50.04998016,,
1097,50.27501678,,
1098,49.9992981,,
1099,50.25141907,,
1100,50.06023788,,
1101,50.29887009,,
1102,50.10479736,,
1103,50.38476563,,
1104,50.40758896,,
1105,50.5749321,,
1106,50.29210663,,
1107,50.53893661,,
1108,50.30251312,,
1109,50.43869019,,
1110,50.22232056,,
1111,50.45986176,,
1112,50.17137146,,
1113,50.27590179,,
1114,50.01802826,,
1115,50.26676559,,
1116,50.26282501,,
1117,50.38142014,,
1118,50.10805893,,
1119,50.32807541,,
1120,50.05152893,,
1121,50.29616547,,
1122,50.07686615,,
1123,50.28498459,,
1124,49.95225525,,
1125,50.25195313,,
1126,50.01147461,,
1127,50.23025513,,
1128,50.03591919,,
1129,50.20413208,,
1130,50.06369019,,
1131,50.3212738,,
1132,50.04124069,,
1133,50.19359589,,
1134,50.02874756,,
1135,50.21563339,,
1136,49.95550537,,
1137,50.16169739,,
1138,49.93345642,,
1139,50.09375763,,
1140,50.10573578,,
1141,50.23480225,,
1142,49.96195602,,
1143,50.24302292,,
1144,50.04665375,,
1145,50.25524139,,
1146,50.02722168,,
1147,50.24603271,,
1148,50.01038361,,
1149,50.27640915,,
1150,50.01715851,,
1151,50.21520615,,
1152,50.21899414,,
1153,50.33523178,,
1154,50.07138824,,
1155,50.24424362,,
1156,49.93586731,,
1157,50.16951752,,
1158,50.0839653,,
1159,50.33735275,,
1160,50.0784111,,
1161,50.22642517,,
1162,50.03743744,,
1163,50.28681564,,
1164,50.23514938,,
1165,50.39634323,,
1166,50.0944519,,
1167,50.29285431,,
1168,50.04114914,,
1169,50.27636719,,
1170,49.98804855,,
1171,50.18148422,,
1172,49.98078537,,
1173,50.28720856,,
1174,50.05432129,,
1175,50.29023361,,
1176,50.24946213,,
1177,50.3682251,,
1178,50.1237793,,
1179,50.3925705,,
1180,50.17770004,,
1181,50.36841965,,
1182,50.09084702,,
1183,50.3801384,,
1184,50.15829468,,
1185,50.34262848,,
1186,50.10176849,,
1187,50.17129135,,
1188,50.11302185,,
1189,50.16242218,,
1190,49.96593475,,
1191,50.12539673,,
1192,49.92224884,,
1193,50.20539474,,
1194,49.97755051,,
1195,50.13418579,,
1196,50.00648117,,
1197,50.20597458,,
1198,50.08511353,,
1199,50.1763916,,
1200,50.16508102,,
1201,50.31639862,,
1202,50.05886078,,
1203,50.20672226,,
1204,50.10154724,,
1205,50.32154465,,
1206,50.05338287,,
1207,50.25236511,,
1208,50.03307343,,
1209,50.20574951,,
1210,49.94843674,,
1211,50.09501266,,
1212,50.10203171,,
1213,50.21810913,,
1214,50.00772095,,
1215,50.22097015,,
1216,49.98887634,,
1217,50.24811554,,
1218,50.03493881,,
1219,50.18859863,,
1220,49.94036865,,
1221,50.22515106,,
1222,50.03610229,,
1223,50.29696655,,
1224,50.17188644,,
1225,50.39464569,,
1226,50.20719528,,
1227,50.33298492,,
1228,50.20742798,,
1229,50.42195892,,
1230,50.11420441,,
1231,50.26127243,,
1232,50.14942551,,
1233,50.46039963,,
1234,50.21787643,,
1235,50.38930893,,
1236,50.38924408,,
1237,50.63832855,,
1238,50.42416382,,
1239,50.62542343,,
1240,50.39302063,,
1241,50.572258,,
1242,50.3146019,,
1243,50.46089935,,
1244,50.3591423,,
1245,50.65085983,,
1246,50.42036057,,
1247,50.4560051,,
1248,50.61292648,,
1249,50.65676117,,
1250,50.53271103,,
1251,50.51367188,,
1252,50.3415947,,
1253,50.60766602,,
1254,50.36863327,,
1255,50.62779999,,
1256,50.37188339,,
1257,50.57476044,,
1258,50.44119263,,
1259,50.71195984,,
1260,50.72106934,,
1261,50.85457611,,
1262,50.59652328,,
1263,50.71081543,,
1264,50.57682419,,
1265,50.82817841,,
1266,50.57460785,,
1267,50.73665619,,
1268,50.6006279,,
1269,50.86448288,,
1270,50.69420624,,
1271,50.90370941,,
1272,50.73751831,,
1273,50.87227631,,
1274,50.63652802,,
1275,50.85757446,,
1276,50.61707687,,
1277,50.86161423,,
1278,50.65756226,,
1279,50.82423401,,
1280,50.56880951,,
1281,50.80391693,,
1282,50.54186249,,
1283,50.64340973,,
1284,50.57240295,,
1285,50.71618271,,
1286,50.58349609,,
1287,50.82997894,,
1288,50.55396652,,
1289,50.8194809,,
1290,50.60696411,,
1291,50.82328415,,
1292,50.61727142,,
1293,50.81943893,,
1294,50.56443405,,
1295,50.68347931,,
1296,50.60554123,,
1297,50.69432831,,
1298,50.42957306,,
1299,50.57331467,,
1300,50.30950165,,
1301,50.57080841,,
1302,50.28387451,,
1303,50.45685959,,
1304,50.22260666,,
1305,50.5353508,,
1306,50.31084824,,
1307,50.47671127,,
1308,50.4349823,,
1309,50.52509689,,
1310,50.27390671,,
1311,50.44748688,,
1312,50.27746201,,
1313,50.53205872,,
1314,50.25649643,,
1315,50.42747116,,
1316,50.27520752,,
1317,50.44514465,,
1318,50.24112701,,
1319,50.54214096,,
1320,50.52142334,,
1321,50.58547211,,
1322,50.35715485,,
1323,50.55088425,,
1324,50.28899765,,
1325,50.5012207,,
1326,50.27015686,,
1327,50.44893646,,
1328,50.31025696,,
1329,50.58948517,,
1330,50.30475616,,
1331,50.43408203,,
1332,50.46102905,,
1333,50.65589523,,
1334,50.28818512,,
1335,50.46263123,,
1336,50.34051514,,
1337,50.63640594,,
1338,50.43117523,,
1339,50.64136887,,
1340,50.31511688,,
1341,50.4593811,,
1342,50.15520859,,
1343,50.37696457,,
1344,50.3934288,,
1345,50.57096863,,
1346,50.3205986,,
1347,50.46551514,,
1348,50.37554169,,
1349,50.63481903,,
1350,50.2831955,,
1351,50.45373154,,
1352,50.35837936,,
1353,50.47615814,,
1354,50.36992645,,
1355,50.6160202,,
1356,50.5797348,,
1357,50.71668243,,
1358,50.46746826,,
1359,50.46744919,,
1360,50.39736938,,
1361,50.60783005,,
1362,50.40454102,,
1363,50.597435,,
1364,50.32201385,,
1365,50.47660828,,
1366,50.35686493,,
1367,50.5480423,,
1368,50.36610031,,
1369,50.48137665,,
1370,50.34791183,,
1371,50.71707916,,
1372,50.69268036,,
1373,51.06761169,,
1374,51.16317749,,
1375,51.388237,,
1376,51.22077942,,
1377,51.47016525,,
1378,51.20557785,,
1379,51.40157318,,
1380,51.33707428,,
1381,51.44607162,,
1382,50.93102264,,
1383,51.12927246,,
1384,51.0212822,,
1385,51.36814499,,
1386,51.18804932,,
1387,51.36144638,,
1388,51.21685791,,
1389,51.45441818,,
1390,51.1980896,,
1391,51.34498596,,
1392,51.31512451,,
1393,51.48908615,,
1394,51.22074509,,
1395,51.41507721,,
1396,51.12135315,,
1397,51.29504395,,
1398,51.14776611,,
1399,51.42807007,,
1400,51.1941185,,
1401,51.34144211,,
1402,51.14846039,,
1403,51.39977264,,
1404,51.42917633,,
1405,51.5071373,,
1406,51.30095673,,
1407,51.49919891,,
1408,51.21365356,,
1409,51.38589478,,
1410,51.15146637,,
1411,51.36051559,,
1412,51.17579269,,
1413,51.40429688,,
1414,51.17997742,,
1415,51.32627487,,
1416,51.34413147,,
1417,51.52433014,,
1418,51.24608612,,
1419,51.44495773,,
1420,51.26208496,,
1421,51.46947479,,
1422,51.24363327,,
1423,51.38474655,,
1424,51.23450851,,
1425,51.49492645,,
1426,51.23057556,,
1427,51.39051056,,
1428,51.32711411,,
1429,51.47193527,,
1430,51.22562408,,
1431,51.43143845,,
1432,51.19880295,,
1433,51.35112762,,
1434,51.2145462,,
1435,51.45643234,,
1436,51.21539307,,
1437,51.40649414,,
1438,51.24565887,,
1439,51.45438766,,
1440,51.40488815,,
1441,51.5944519,,
1442,51.30265427,,
1443,51.47292328,,
1444,51.27379608,,
1445,51.45281982,,
1446,51.25777817,,
1447,51.47731018,,
1448,51.20803833,,
1449,51.44319916,,
1450,51.2305069,,
1451,51.33998871,,
1452,51.35955811,,
1453,51.47092819,,
1454,51.20046616,,
1455,51.45843124,,
1456,51.2334137,,
1457,51.49688721,,
1458,51.2134819,,
1459,51.33114624,,
1460,51.17722702,,
1461,51.41848755,,
1462,51.15249252,,
1463,51.34420013,,
1464,51.22491455,,
1465,51.42049789,,
1466,51.17192078,,
1467,51.3843956,,
1468,51.09945679,,
1469,51.3079071,,
1470,51.05516815,,
1471,51.26762009,,
1472,51.08709717,,
1473,51.32394409,,
1474,51.08605957,,
1475,51.30075073,,
1476,51.38092041,,
1477,51.53366089,,
1478,51.28164291,,
1479,51.48646545,,
1480,51.26161957,,
1481,51.38299561,,
1482,51.2173996,,
1483,51.47113037,,
1484,51.19470215,,
1485,51.4252739,,
1486,51.22027206,,
1487,51.38722992,,
1488,51.44512177,,
1489,51.58975983,,
1490,51.36849976,,
1491,51.60111618,,
1492,51.36813354,,
1493,51.63380051,,
1494,51.30979538,,
1495,51.47527313,,
1496,51.36972046,,
1497,51.65237427,,
1498,51.36697388,,
1499,51.55163574,,
1500,51.4900322,,
1501,51.502388,,
1502,51.26359177,,
1503,51.41957855,,
1504,51.23620224,,
1505,51.5069809,,
1506,51.30458069,,
1507,51.52637863,,
1508,51.44215012,,
1509,51.64330292,,
1510,51.42884827,,
1511,51.60167694,,
1512,51.61855316,,
1513,51.68475342,,
1514,51.34095764,,
1515,51.5121727,,
1516,51.21092987,,
1517,51.3606987,,
1518,51.22282028,,
1519,51.48426819,,
1520,51.26702499,,
1521,51.43978882,,
1522,51.20225525,,
1523,51.40326691,,
1524,51.30503845,,
1525,51.47785568,,
1526,51.19548798,,
1527,51.43259811,,
1528,51.18000031,,
1529,51.38510132,,
1530,51.15214157,,
1531,51.30421066,,
1532,51.16699219,,
1533,51.46956635,,
1534,51.16423035,,
1535,51.32394028,,
1536,51.26448822,,
1537,51.42477417,,
1538,51.19464111,,
1539,51.42906952,,
1540,51.1819458,,
1541,51.32180786,,
1542,51.15211487,,
1543,51.39063644,,
1544,51.18571091,,
1545,51.39541626,,
1546,51.10555267,,
1547,51.28874969,,
1548,51.40237427,,
1549,51.51757813,,
1550,51.3170166,,
1551,51.49330902,,
1552,51.19244385,,
1553,51.37298203,,
1554,51.20843506,,
1555,51.4887619,,
1556,51.20111084,,
1557,51.33938599,,
1558,51.17569733,,
1559,51.47382355,,
1560,51.3236084,,
1561,51.40641403,,
1562,51.22033691,,
1563,51.44347763,,
1564,51.17089844,,
1565,51.30225754,,
1566,51.11752319,,
1567,51.36889267,,
1568,51.09151459,,
1569,51.25213623,,
1570,51.03229523,,
1571,51.24010849,,
1572,51.22400665,,
1573,51.37962341,,
1574,51.17228317,,
1575,51.3916626,,
1576,51.12517548,,
1577,51.33410263,,
1578,51.06613922,,
1579,51.28677368,,
1580,51.14722824,,
1581,51.4307518,,
1582,51.12997055,,
1583,51.31003571,,
1584,51.22791672,,
1585,51.43212891,,
1586,51.1913414,,
1587,51.32015228,,
1588,51.137146,,
1589,51.36349487,,
1590,51.15457153,,
1591,51.34725189,,
1592,51.12108612,,
1593,51.25054169,,
1594,51.097435,,
1595,51.35555267,,
1596,51.2678833,,
1597,51.39965439,,
1598,51.14657593,,
1599,51.39060974,,
1600,51.16030121,,
1601,51.39415741,,
1602,51.14894867,,
1603,51.40462494,,
1604,51.13026047,,
1605,51.36654663,,
1606,51.09452438,,
1607,51.25040817,,
1608,51.29829025,,
1609,51.44298553,,
1610,51.21203613,,
1611,51.37069321,,
1612,51.14889526,,
1613,51.36472702,,
1614,51.11998749,,
1615,51.29471588,,
1616,51.15714264,,
1617,51.39511871,,
1618,51.13050461,,
1619,51.26862335,,
1620,51.2611084,,
1621,51.43931198,,
1622,51.18660736,,
1623,51.40015411,,
1624,51.13392639,,
1625,51.2963562,,
1626,51.0628624,,
1627,51.26259613,,
1628,51.13694,,
1629,51.41954803,,
1630,51.19425583,,
1631,51.37083054,,
1632,51.31682587,,
1633,51.46422577,,
1634,51.20214844,,
1635,51.35632324,,
1636,51.06281662,,
1637,51.29676056,,
1638,51.08244324,,
1639,51.3231926,,
1640,51.07466125,,
1641,51.25744629,,
1642,51.01238251,,
1643,51.20383835,,
1644,51.21390915,,
1645,51.36354828,,
1646,51.11239624,,
1647,51.33953094,,
1648,51.10375977,,
1649,51.37974167,,
1650,51.09757996,,
1651,51.32720947,,
1652,51.14373398,,
1653,51.35221863,,
1654,51.11026001,,
1655,51.26530075,,
1656,51.28336716,,
1657,51.42470551,,
1658,51.17919922,,
1659,51.36008453,,
1660,51.13305283,,
1661,51.28614807,,
1662,51.09121323,,
1663,51.38602448,,
1664,51.11156464,,
1665,51.23297119,,
1666,51.06898117,,
1667,51.31629562,,
1668,51.25535202,,
1669,51.39520264,,
1670,51.18831635,,
1671,51.35964966,,
1672,51.10020065,,
1673,51.17965698,,
1674,51.03872299,,
1675,51.31506348,,
1676,51.05368042,,
1677,51.22657776,,
1678,51.0554924,,
1679,51.29075241,,
1680,51.24708176,,
1681,51.3394165,,
1682,51.13814926,,
1683,51.34226608,,
1684,51.06907272,,
1685,51.25323105,,
1686,51.1122551,,
1687,51.3729248,,
1688,51.09779358,,
1689,51.25405884,,
1690,51.07092285,,
1691,51.3325882,,
1692,51.23871994,,
1693,51.40884399,,
1694,51.25106812,,
1695,51.49391937,,
1696,51.34774399,,
1697,51.60002136,,
1698,51.53547287,,
1699,51.87734985,,
1700,51.64843369,,
1701,51.89007187,,
1702,51.80967331,,
1703,51.78130341,,
1704,51.7326622,,
1705,51.66901779,,
1706,51.52457809,,
1707,51.46462631,,
1708,51.52364349,,
1709,51.65641022,,
1710,51.56154633,,
1711,51.89928436,,
1712,51.60077667,,
1713,51.6917038,,
1714,51.39088058,,
1715,51.50912476,,
1716,51.19121933,,
1717,51.23793793,,
1718,50.88122559,,
1719,50.90322495,,
1720,50.40087128,,
1721,50.52514648,,
1722,50.33992767,,
1723,50.48444748,,
1724,50.27386475,,
1725,50.52641296,,
1726,50.25292206,,
1727,50.39471054,,
1728,50.30007935,,
1729,50.43638229,,
1730,50.17149353,,
1731,50.39855957,,
1732,50.15731812,,
1733,50.38273621,,
1734,50.20845795,,
1735,50.45616913,,
1736,50.13401794,,
1737,50.37846375,,
1738,50.13975143,,
1739,50.36215973,,
1740,50.44943237,,
1741,50.63521957,,
1742,50.4071579,,
1743,50.65148163,,
1744,50.39264679,,
1745,50.67369843,,
1746,50.36026001,,
1747,50.62088013,,
1748,50.42050171,,
1749,50.7522583,,
1750,50.6002121,,
1751,50.67237091,,
1752,50.691185,,
1753,50.84089279,,
1754,50.59300232,,
1755,50.76262665,,
1756,50.54162216,,
1757,50.7805481,,
1758,50.72128296,,
1759,51.31619263,,
1760,51.3511467,,
1761,51.74832916,,
1762,51.5524826,,
1763,51.68015671,,
1764,51.77624512,,
1765,52.00780487,,
1766,51.81713104,,
1767,51.92744446,,
1768,51.42542648,,
1769,51.59066391,,
1770,51.32929611,,
1771,51.59732056,,
1772,51.41257477,,
1773,51.68995667,,
1774,51.41733932,,
1775,51.59025192,,
1776,51.39295578,,
1777,51.68215942,,
1778,51.47785568,,
1779,51.75382614,,
1780,51.70893097,,
1781,55.57376862,,
1782,71.65403748,,
1783,73.30105591,,
1784,68.69723511,,
1785,65.91334534,,
1786,63.71760178,,
1787,62.06127167,,
1788,62.74860764,,
1789,63.43998718,,
1790,63.78456879,,
1791,63.88295746,,
1792,64.24632263,,
1793,64.39590454,,
1794,64.01576996,,
1795,63.96141815,,
1796,64.14663696,,
1797,64.76844788,,
1798,64.98939514,,
1799,65.17024231,,
1800,65.13014221,,
1801,66.14694977,,
1802,65.70663452,,
1803,64.88175964,,
1804,63.70721436,,
1805,65.1383667,,
1806,64.845047,,
1807,66.22019196,,
1808,66.11339569,,
1809,67.03411865,,
1810,65.29335022,,
1811,63.54758835,,
1812,64.55877686,,
1813,62.94789886,,
1814,61.64936447,,
1815,60.89151001,,
1816,60.43322754,,
1817,60.50819016,,
1818,60.29547882,,
1819,60.28550339,,
1820,60.04940033,,
1821,60.44298553,,
1822,60.54838181,,
1823,61.73685837,,
1824,59.85553741,,
1825,58.52736664,,
1826,55.26900864,,
1827,55.20877838,,
1828,56.5362854,,
1829,56.56602097,,
1830,56.49971771,,
1831,58.71021652,,
1832,60.04000092,,
1833,59.90182495,,
1834,59.06908798,,
1835,59.18350983,,
1836,59.27291489,,
1837,59.50814819,,
1838,59.0210495,,
1839,58.91814423,,
1840,59.02323914,,
1841,59.91744995,,
1842,60.40653229,,
1843,62.40407562,,
1844,65.86756134,,
1845,67.94749451,,
1846,66.4968338,,
1847,66.32021332,,
1848,66.10417175,,
1849,66.04519653,,
1850,66.53292847,,
1851,66.59443665,,
1852,65.64439392,,
1853,65.12319946,,
1854,64.16062164,,
1855,63.85665894,,
1856,63.62773895,,
1857,64.11817932,,
1858,65.5680542,,
1859,66.98381042,,
1860,67.00650024,,
1861,67.20362854,,
1862,67.36483765,,
1863,67.06499481,,
1864,66.38725281,,
1865,65.62368774,,
1866,65.37117767,,
1867,65.20568085,,
1868,64.15761566,,
1869,63.61342621,,
1870,62.88317871,,
1871,62.6615715,,
1872,62.78334808,,
1873,62.79493332,,
1874,62.58019638,,
1875,62.85801315,,
1876,62.69674301,,
1877,63.26759338,,
1878,64.08440399,,
1879,65.49329376,,
1880,65.00991821,,
1881,65.12960815,,
1882,64.66149139,,
1883,64.05484009,,
1884,62.67473984,,
1885,62.47738647,,
1886,61.96334457,,
1887,62.3142395,,
1888,62.57533264,,
1889,63.12519073,,
1890,62.45429611,,
1891,62.5038681,,
1892,62.46578217,,
1893,62.72338486,,
1894,63.01428986,,
1895,63.46224213,,
1896,63.79347229,,
1897,64.15484619,,
1898,64.01976013,,
1899,64.06590271,,
1900,64.03609467,,
1901,64.01038361,,
1902,62.87477112,,
1903,62.00803757,,
1904,62.04781342,,
1905,62.63883591,,
1906,63.18022919,,
1907,63.96146774,,
1908,64.56433105,,
1909,65.1324234,,
1910,65.23091125,,
1911,65.7530899,,
1912,66.85881042,,
1913,67.28100586,,
1914,66.9138031,,
1915,66.92771912,,
1916,66.7726059,,
1917,66.42350006,,
1918,65.59165955,,
1919,65.09138489,,
1920,64.88772583,,
1921,64.36595917,,
1922,63.45502853,,
1923,63.15170288,,
1924,63.29211044,,
1925,63.10944748,,
1926,62.99429321,,
1927,62.38699341,,
1928,60.31118774,,
1929,59.78599167,,
1930,59.80220795,,
1931,59.83156967,,
1932,60.04986572,,
1933,60.71882248,,
1934,60.71094513,,
1935,61.1595993,,
1936,61.78490448,,
1937,62.50713348,,
1938,62.25603485,,
1939,63.01710129,,
1940,64.06980896,,
1941,65.52528381,,
1942,66.19682312,,
1943,67.71164703,,
1944,68.4026947,,
1945,67.91169739,,
1946,67.05570984,,
1947,66.88044739,,
1948,66.79078674,,
1949,67.05294037,,
1950,66.97315216,,
1951,66.52279663,,
1952,65.20959473,,
1953,65.32290649,,
1954,64.3705368,,
1955,61.45916748,,
1956,60.83445358,,
1957,61.10767746,,
1958,60.35958099,,
1959,59.62095261,,
1960,58.45767975,,
1961,57.5639801,,
1962,56.97540283,,
1963,56.87241364,,
1964,56.45624924,,
1965,57.06916046,,
1966,57.93197632,,
1967,58.00732422,,
1968,57.76260376,,
1969,56.7508316,,
1970,56.01450729,,
1971,56.57749176,,
1972,57.20079803,,
1973,57.6880188,,
1974,57.5676384,,
1975,58.33919525,,
1976,59.20089722,,
1977,59.52100754,,
1978,58.50138855,,
1979,58.0723877,,
1980,57.81361389,,
1981,57.43545151,,
1982,57.06924438,,
1983,57.75120163,,
1984,57.50864792,,
1985,57.43887329,,
1986,57.06934738,,
1987,57.79684067,,
1988,58.82675171,,
1989,60.73544312,,
1990,62.17113495,,
1991,63.43160629,,
1992,63.72046661,,
1993,63.9637146,,
1994,64.39208984,,
1995,63.99025726,,
1996,64.076828,,
1997,63.80254364,,
1998,62.87804413,,
1999,62.1780777,,
2000,62.0345726,,
2001,62.29296875,,
2002,62.83435822,,
2003,63.1541748,,
2004,63.29178619,,
2005,63.16327667,,
2006,62.08019257,,
2007,61.81838226,,
2008,61.4095993,,
2009,61.39375305,,
2010,61.15064621,,
2011,61.30048752,,
2012,61.09212494,,
2013,61.26496124,,
2014,62.10256195,,
2015,64.22472382,,
2016,64.47485352,,
2017,65.06660461,,
2018,65.73243713,,
2019,65.62043762,,
2020,65.1786499,,
2021,64.02305603,,
2022,63.35162354,,
2023,62.82759857,,
2024,62.81017303,,
2025,63.16799927,,
2026,63.07978439,,
2027,63.61710358,,
2028,65.57070923,,
2029,64.25093079,,
2030,57.14547348,,
2031,51.84651947,,
2032,52.41147995,,
2033,52.52715683,,
2034,52.19075775,,
2035,52.34598541,,
2036,52.00275421,,
2037,52.18358612,,
2038,51.88123703,,
2039,52.04563904,,
2040,51.9572258,,
2041,52.07680511,,
2042,51.83737183,,
2043,52.06488037,,
2044,51.81522369,,
2045,52.0552597,,
2046,51.77393723,,
2047,51.97740173,,
2048,51.73105621,,
2049,51.96102905,,
2050,51.69557953,,
2051,51.86552048,,
2052,51.88307953,,
2053,52.01063156,,
2054,51.72425842,,
2055,51.90688324,,
2056,51.70433807,,
2057,51.90608978,,
2058,51.67751694,,
2059,51.93960571,,
2060,51.73486328,,
2061,51.9441452,,
2062,51.66030884,,
2063,51.81541061,,
2064,51.81624603,,
2065,51.9033432,,
2066,51.68177414,,
2067,51.8277092,,
2068,51.62470627,,
2069,51.86365891,,
2070,51.5759201,,
2071,51.83588791,,
2072,51.58752441,,
2073,51.73516846,,
2074,51.61021042,,
2075,51.86013794,,
2076,51.79612732,,
2077,51.9559021,,
2078,51.69563293,,
2079,51.95255661,,
2080,51.71691895,,
2081,51.89717102,,
2082,51.66996384,,
2083,51.86706161,,
2084,51.67534637,,
2085,51.94144821,,
2086,51.71251678,,
2087,51.81882858,,
2088,51.77140808,,
2089,51.84832764,,
2090,51.61190033,,
2091,51.88270187,,
2092,51.62055588,,
2093,51.85112,,
2094,51.60955811,,
2095,51.83377075,,
2096,51.6538353,,
2097,51.82016754,,
2098,51.54393768,,
2099,51.72324753,,
2100,51.72972107,,
2101,51.94816208,,
2102,51.69003296,,
2103,51.86889648,,
2104,51.66653061,,
2105,51.90608978,,
2106,51.67907715,,
2107,51.80757904,,
2108,51.65272522,,
2109,51.92153549,,
2110,51.66136169,,
2111,51.87841797,,
2112,51.83185959,,
2113,52.00048828,,
2114,51.76719284,,
2115,52.0109787,,
2116,51.72236252,,
2117,51.83432007,,
2118,51.67929077,,
2119,51.93201447,,
2120,51.6984024,,
2121,51.89490509,,
2122,51.61733246,,
2123,51.78181076,,
2124,51.78686142,,
2125,51.8994751,,
2126,51.74624634,,
2127,51.88311005,,
2128,51.64385986,,
2129,51.79005432,,
2130,51.6348381,,
2131,51.871521,,
2132,51.64287567,,
2133,51.79613495,,
2134,51.60886383,,
2135,51.79751587,,
2136,51.78391647,,
2137,51.90649033,,
2138,51.71007538,,
2139,51.89645386,,
2140,51.68233871,,
2141,51.90753174,,
2142,51.63298798,,
2143,51.89067841,,
2144,51.61367416,,
2145,51.82427216,,
2146,51.52182007,,
2147,51.71652222,,
2148,51.76211548,,
2149,51.90887451,,
2150,51.67120361,,
2151,51.92942429,,
2152,51.70795822,,
2153,51.90610886,,
2154,51.70359421,,
2155,51.91254807,,
2156,51.67295837,,
2157,51.8484726,,
2158,51.59941864,,
2159,51.74187851,,
2160,51.73950195,,
2161,51.91198349,,
2162,51.74805832,,
2163,51.95234299,,
2164,51.71131897,,
2165,51.90640259,,
2166,51.68745041,,
2167,51.85395432,,
2168,51.70584106,,
2169,51.87296295,,
2170,51.69018555,,
2171,51.6866684,,
2172,51.75497437,,
2173,51.85371399,,
2174,51.6565361,,
2175,51.84816742,,
2176,51.58967209,,
2177,51.90086365,,
2178,51.6973381,,
2179,51.87038422,,
2180,51.92499924,,
2181,52.22230148,,
2182,52.11736298,,
2183,52.43824387,,
2184,52.5977478,,
2185,52.52648544,,
2186,52.51244354,,
2187,52.86938477,,
2188,52.58106995,,
2189,52.79155731,,
2190,52.78971481,,
2191,52.92864609,,
2192,51.98287964,,
2193,51.73888397,,
2194,51.53805161,,
2195,51.57664108,,
2196,51.5266037,,
2197,51.65595627,,
2198,51.37835312,,
2199,51.55179977,,
2200,51.32498169,,
2201,51.55641937,,
2202,51.38783264,,
2203,51.57349777,,
2204,51.32551575,,
2205,51.46064377,,
2206,51.30558395,,
2207,51.52468491,,
2208,51.40903854,,
2209,51.5218811,,
2210,51.29633331,,
2211,51.4733429,,
2212,51.32879257,,
2213,51.55363083,,
2214,51.35361862,,
2215,51.556633,,
2216,51.36945724,,
2217,51.59814453,,
2218,51.38819504,,
2219,51.46748352,,
2220,51.52528,,
2221,51.65512085,,
2222,51.40683746,,
2223,51.61672974,,
2224,51.36650848,,
2225,51.48283005,,
2226,51.45528412,,
2227,51.58885956,,
2228,51.61510468,,
2229,52.0915451,,
2230,52.22150803,,
2231,52.5039444,,
2232,52.71517944,,
2233,52.91220856,,
2234,52.80323029,,
2235,53.06497955,,
2236,52.85461426,,
2237,52.98936462,,
2238,52.86704636,,
2239,53.17472839,,
2240,52.8742485,,
2241,53.02960968,,
2242,52.80848312,,
2243,53.07374191,,
2244,52.93283081,,
2245,53.07058334,,
2246,52.85513306,,
2247,53.09033203,,
2248,52.83111572,,
2249,53.12011719,,
2250,52.8548584,,
2251,53.00794983,,
2252,52.87891769,,
2253,53.13671875,,
2254,52.84525681,,
2255,53.02354431,,
2256,52.97485352,,
2257,53.12389755,,
2258,52.84352875,,
2259,53.13022614,,
2260,52.82023621,,
2261,52.906353,,
2262,52.73355865,,
2263,52.91799545,,
2264,52.59274292,,
2265,52.81949615,,
2266,52.64222336,,
2267,52.90726852,,
2268,52.80427551,,
2269,52.95928955,,
2270,52.73336411,,
2271,52.96480942,,
2272,52.6772728,,
2273,52.84235764,,
2274,52.72399139,,
2275,52.95100021,,
2276,52.67817307,,
2277,52.78810883,,
2278,52.6362915,,
2279,52.86645508,,
2280,52.75408936,,
2281,52.94943237,,
2282,52.74303436,,
2283,52.93923187,,
2284,52.52705383,,
2285,52.80426025,,
2286,52.52386475,,
2287,52.73975372,,
2288,52.51364136,,
2289,52.87150192,,
2290,52.4311142,,
2291,52.49409485,,
2292,52.36470795,,
2293,52.55402756,,
2294,52.56646729,,
2295,52.79673767,,
2296,52.77140045,,
2297,52.83219528,,
2298,52.63143921,,
2299,52.67542648,,
2300,52.55286407,,
2301,52.80898666,,
2302,52.65596771,,
2303,52.7953186,,
2304,52.73577881,,
2305,52.95286179,,
2306,52.76679993,,
2307,52.92243958,,
2308,52.67937469,,
2309,52.9206543,,
2310,52.7578392,,
2311,53.03859711,,
2312,52.85232544,,
2313,53.11614227,,
2314,52.94903183,,
2315,53.14406586,,
2316,53.10404587,,
2317,53.24898911,,
2318,52.93800354,,
2319,52.98735809,,
2320,52.57740021,,
2321,52.54050827,,
2322,52.17716599,,
2323,52.41917038,,
2324,52.150383,,
2325,52.33417892,,
2326,52.0050621,,
2327,52.08583069,,
2328,51.90541077,,
2329,51.99027634,,
2330,51.7882309,,
2331,51.96256638,,
2332,51.72961426,,
2333,51.90546799,,
2334,51.70007324,,
2335,51.94070435,,
2336,51.68542099,,
2337,51.90370178,,
2338,51.66788864,,
2339,51.84371948,,
2340,51.79719162,,
2341,51.91418457,,
2342,51.67510223,,
2343,51.86721039,,
2344,51.66345978,,
2345,51.87108994,,
2346,51.65519333,,
2347,51.92358017,,
2348,51.77219772,,
2349,51.93825531,,
2350,51.88525391,,
2351,51.98356628,,
2352,51.9957695,,
2353,51.73380661,,
2354,51.20962524,,
2355,51.30540466,,
2356,50.71292877,,
2357,50.49707031,,
2358,50.32087708,,
2359,50.59495163,,
2360,50.69109726,,
2361,51.6593132,,
2362,52.81150436,,
2363,56.37252045,,
2364,57.84343719,,
2365,57.9944725,,
2366,57.93667221,,
2367,58.62983322,,
2368,59.62469482,,
2369,59.93467712,,
2370,57.46673203,,
2371,64.36968994,,
2372,71.77217102,,
2373,66.38173676,,
2374,60.79903412,,
2375,57.58287811,,
2376,55.71665192,,
2377,55.89061737,,
2378,55.50245285,,
2379,57.60115814,,
2380,51.13833618,,
2381,52.43249512,,
2382,52.09562302,,
2383,52.11431885,,
2384,51.90372849,,
2385,52.13499069,,
2386,51.92760468,,
2387,52.08906555,,
2388,52.06013107,,
2389,52.21057129,,
2390,51.95219421,,
2391,52.15272141,,
2392,51.93999481,,
2393,52.09179688,,
2394,51.91195679,,
2395,52.15500641,,
2396,51.89121628,,
2397,52.05241013,,
2398,51.8866272,,
2399,52.10526276,,
2400,51.9417038,,
2401,52.08460236,,
2402,51.86771774,,
2403,52.08024216,,
2404,51.85776901,,
2405,52.08150864,,
2406,51.78910446,,
2407,51.98553085,,
2408,51.77471161,,
2409,52.02706909,,
2410,51.76316452,,
2411,51.89263916,,
2412,51.88052368,,
2413,51.94586182,,
2414,51.76339722,,
2415,51.96309662,,
2416,51.77534103,,
2417,52.0002861,,
2418,51.74127197,,
2419,51.88163376,,
2420,51.61520386,,
2421,51.82358551,,
2422,51.49753571,,
2423,51.61713791,,
2424,51.53270721,,
2425,51.67112732,,
2426,51.45038605,,
2427,51.64838409,,
2428,51.40534592,,
2429,51.59254074,,
2430,51.42176437,,
2431,51.55418015,,
2432,51.41305542,,
2433,51.71134567,,
2434,51.45272064,,
2435,51.59471893,,
2436,51.56855774,,
2437,51.6689682,,
2438,51.4196434,,
2439,51.66927338,,
2440,51.47898483,,
2441,51.68517685,,
2442,51.47695923,,
2443,51.67097092,,
2444,51.44297791,,
2445,51.57253265,,
2446,51.42432785,,
2447,51.65535736,,
2448,51.5725708,,
2449,51.69689178,,
2450,51.48279572,,
2451,51.65496826,,
2452,51.40559006,,
2453,51.59560394,,
2454,51.39764404,,
2455,51.5172348,,
2456,51.38696289,,
2457,51.62730026,,
2458,51.38005829,,
2459,51.57670212,,
2460,51.52151489,,
2461,51.6164093,,
2462,51.40144348,,
2463,51.57526779,,
2464,51.34669113,,
2465,51.4984436,,
2466,51.34441376,,
2467,51.62061691,,
2468,51.43088913,,
2469,51.62539291,,
2470,51.36217499,,
2471,51.49042892,,
2472,51.44062424,,
2473,51.5917778,,
2474,51.40151978,,
2475,51.5524292,,
2476,51.3945694,,
2477,51.57457733,,
2478,51.34896088,,
2479,51.56962585,,
2480,51.34371948,,
2481,51.49761963,,
2482,51.27070618,,
2483,51.42684174,,
2484,51.43610382,,
2485,51.59651947,,
2486,51.42947388,,
2487,51.6024704,,
2488,51.39874268,,
2489,51.58016968,,
2490,51.32052612,,
2491,51.55901718,,
2492,51.38029099,,
2493,51.58473969,,
2494,51.40944672,,
2495,51.52962875,,
2496,51.53466797,,
2497,51.6424675,,
2498,51.38265228,,
2499,51.58309174,,
2500,51.34539795,,
2501,51.60951996,,
2502,51.37162399,,
2503,51.51304626,,
2504,51.37114716,,
2505,51.58036423,,
2506,51.3263092,,
2507,51.51548767,,
2508,51.44198608,,
2509,51.54203033,,
2510,51.34939575,,
2511,51.54733276,,
2512,51.41172409,,
2513,51.63692856,,
2514,51.35137558,,
2515,51.48677063,,
2516,51.37432861,,
2517,51.58693695,,
2518,51.3597641,,
2519,51.54625702,,
2520,51.49008179,,
2521,51.62051392,,
2522,51.43113327,,
2523,51.61036301,,
2524,51.43491745,,
2525,51.64739609,,
2526,51.3996582,,
2527,51.58112335,,
2528,51.36823654,,
2529,51.55137253,,
2530,51.35786057,,
2531,51.5210228,,
2532,51.55195618,,
2533,51.70492554,,
2534,51.45032883,,
2535,51.65306854,,
2536,51.48904419,,
2537,51.64735031,,
2538,51.43975067,,
2539,51.61358261,,
2540,51.35221481,,
2541,51.43929291,,
2542,51.31980515,,
2543,51.56986618,,
2544,51.4302063,,
2545,51.5424118,,
2546,51.37794113,,
2547,51.59397125,,
2548,51.39767456,,
2549,51.55619431,,
2550,51.37300873,,
2551,51.60878754,,
2552,51.40352631,,
2553,51.52947235,,
2554,51.3551445,,
2555,51.57888031,,
2556,51.53386688,,
2557,51.62859344,,
2558,51.45835876,,
2559,51.63805771,,
2560,51.44387054,,
2561,51.62651062,,
2562,51.38253021,,
2563,51.49555588,,
2564,51.36553955,,
2565,51.59241867,,
2566,51.34605026,,
2567,51.497509,,
2568,51.58744431,,
2569,51.71698761,,
2570,51.5201416,,
2571,51.73770142,,
2572,51.4978447,,
2573,51.65885925,,
2574,51.47553253,,
2575,51.66527557,,
2576,51.46784973,,
2577,51.59021759,,
2578,51.37545776,,
2579,51.53933716,,
2580,51.57151794,,
2581,51.66498947,,
2582,51.42916107,,
2583,51.56802368,,
2584,51.36143112,,
2585,51.55871582,,
2586,51.36223602,,
2587,51.51204681,,
2588,51.38715363,,
2589,51.61581421,,
2590,51.45177841,,
2591,51.56420898,,
2592,51.50806808,,
2593,51.58946991,,
2594,51.3892746,,
2595,51.60383224,,
2596,51.39170837,,
2597,51.62724304,,
2598,51.44713593,,
2599,51.64388275,,
2600,51.40490723,,
2601,51.59195709,,
2602,51.34448242,,
2603,51.49621201,,
2604,51.5246582,,
2605,51.71627426,,
2606,51.52515793,,
2607,51.68914795,,
2608,51.48884583,,
2609,51.69120789,,
2610,51.5343132,,
2611,51.73014069,,
2612,51.5194931,,
2613,51.71821213,,
2614,51.46685791,,
2615,51.58116913,,
2616,51.55891037,,
2617,51.68114471,,
2618,51.48460388,,
2619,51.68622589,,
2620,51.45743942,,
2621,51.62049103,,
2622,51.45722198,,
2623,51.63656616,,
2624,51.39426804,,
2625,51.60425568,,
2626,51.51785278,,
2627,51.55831528,,
2628,51.55971527,,
2629,51.68699265,,
2630,51.49025726,,
2631,51.68218994,,
2632,51.42694092,,
2633,51.57859421,,
2634,51.41552353,,
2635,51.6477356,,
2636,51.4221611,,
2637,51.50041962,,
2638,51.39012909,,
2639,51.62827682,,
2640,51.56908798,,
2641,51.71339035,,
2642,51.53253174,,
2643,51.72753525,,
2644,51.48365402,,
2645,51.68175888,,
2646,51.45358276,,
2647,51.56023407,,
2648,51.42601776,,
2649,51.66542053,,
2650,51.46268845,,
2651,51.60614014,,
2652,51.57032394,,
2653,51.65538788,,
2654,51.43926239,,
2655,51.65509796,,
2656,51.44555664,,
2657,51.56069946,,
2658,51.44332886,,
2659,51.67457199,,
2660,51.43663788,,
2661,51.5785141,,
2662,51.44517136,,
2663,51.67936325,,
2664,51.67301559,,
2665,51.79859543,,
2666,51.51234055,,
2667,51.646698,,
2668,51.44543457,,
2669,51.65774536,,
2670,51.41833496,,
2671,51.63201904,,
2672,51.45994186,,
2673,51.63010788,,
2674,51.45867157,,
2675,51.65550995,,
2676,51.51984406,,
2677,51.69835663,,
2678,51.51044846,,
2679,51.70771408,,
2680,51.48441696,,
2681,51.68484497,,
2682,51.46181488,,
2683,51.55576706,,
2684,51.42373276,,
2685,51.65659714,,
2686,51.39573288,,
2687,51.54481506,,
2688,51.60497284,,
2689,51.71623993,,
2690,51.47302246,,
2691,51.6919632,,
2692,51.42050171,,
2693,51.56969452,,
2694,51.41538239,,
2695,51.61608124,,
2696,51.42005539,,
2697,51.57387543,,
2698,51.38777161,,
2699,51.56196594,,
2700,51.59159088,,
2701,51.77105713,,
2702,51.55651093,,
2703,51.72719574,,
2704,51.48378754,,
2705,51.68811798,,
2706,51.46443939,,
2707,51.57173157,,
2708,51.46276855,,
2709,51.61227417,,
2710,51.43005371,,
2711,51.61598969,,
2712,51.63851166,,
2713,51.77574158,,
2714,51.51667023,,
2715,51.74258041,,
2716,51.54193115,,
2717,51.76923752,,
2718,51.52394867,,
2719,51.61466599,,
2720,51.51008224,,
2721,51.69655609,,
2722,51.40528107,,
2723,51.57795334,,
2724,51.47377777,,
2725,51.67174911,,
2726,51.47445679,,
2727,51.7008667,,
2728,51.46770477,,
2729,51.64857483,,
2730,51.45313263,,
2731,51.63665009,,
2732,51.39863205,,
2733,51.50292587,,
2734,51.3927002,,
2735,51.63505554,,
2736,51.66390991,,
2737,51.74478149,,
2738,51.48125458,,
2739,51.67075729,,
2740,51.44201279,,
2741,51.63102341,,
2742,51.42605591,,
2743,51.62666321,,
2744,51.4216423,,
2745,51.6448288,,
2746,51.42086792,,
2747,51.57119751,,
2748,51.46464157,,
2749,51.64234543,,
2750,51.68476105,,
2751,51.88776779,,
2752,52.06503296,,
2753,52.30574799,,
2754,52.18588257,,
2755,52.39034271,,
2756,52.22556686,,
2757,52.41918564,,
2758,52.21594238,,
2759,52.31194687,,
2760,52.32885742,,
2761,52.49510956,,
2762,52.3110466,,
2763,52.47745514,,
2764,52.27677536,,
2765,52.48695374,,
2766,52.2387085,,
2767,52.40149689,,
2768,52.30109787,,
2769,52.47617722,,
2770,52.28867722,,
2771,52.41726303,,
2772,52.35926056,,
2773,52.53042603,,
2774,52.26863861,,
2775,52.47791672,,
2776,52.322258,,
2777,52.49250412,,
2778,52.25508881,,
2779,52.48796844,,
2780,52.21134186,,
2781,52.39372253,,
2782,52.23710632,,
2783,52.48696136,,
2784,52.38037109,,
2785,52.48655319,,
2786,52.25497055,,
2787,52.47436523,,
2788,52.22702026,,
2789,52.3604126,,
2790,52.19815826,,
2791,52.42427826,,
2792,52.19295502,,
2793,52.3138237,,
2794,52.22360229,,
2795,52.43286133,,
2796,52.40703964,,
2797,52.51782227,,
2798,52.31433868,,
2799,52.45905685,,
2800,52.26400375,,
2801,52.43505096,,
2802,52.23262024,,
2803,52.31667328,,
2804,52.19831467,,
2805,52.42179871,,
2806,52.21708298,,
2807,52.38108063,,
2808,52.37333298,,
2809,52.46685791,,
2810,52.34479904,,
2811,52.48548508,,
2812,52.28162384,,
2813,52.47399902,,
2814,52.27923584,,
2815,52.45014572,,
2816,52.24333954,,
2817,52.46537399,,
2818,52.28360748,,
2819,52.38250732,,
2820,52.35697556,,
2821,52.57099152,,
2822,52.36162567,,
2823,52.50304413,,
2824,52.2689476,,
2825,52.48339844,,
2826,52.27509689,,
2827,52.47620392,,
2828,52.21959686,,
2829,52.45565033,,
2830,52.1836853,,
2831,52.32791901,,
2832,52.44065857,,
2833,52.5814476,,
2834,52.42104721,,
2835,52.65574265,,
2836,52.44567871,,
2837,52.60089111,,
2838,52.44256592,,
2839,52.70283127,,
2840,52.49993896,,
2841,52.69358063,,
2842,52.53437424,,
2843,52.6875,,
2844,52.67604828,,
2845,52.7652092,,
2846,52.5378952,,
2847,52.72704315,,
2848,52.56949615,,
2849,52.77334595,,
2850,52.5630188,,
2851,52.76054001,,
2852,52.5506897,,
2853,52.75078583,,
2854,52.54020691,,
2855,52.73589325,,
2856,52.88686371,,
2857,53.0396347,,
2858,52.8884697,,
2859,53.1207428,,
2860,53.04333496,,
2861,53.39037323,,
2862,53.17651367,,
2863,53.38432312,,
2864,53.17041016,,
2865,53.36164093,,
2866,53.14995575,,
2867,53.29193115,,
2868,53.19854736,,
2869,53.35173798,,
2870,53.15586853,,
2871,53.35874939,,
2872,53.17520142,,
2873,53.38033295,,
2874,53.20507813,,
2875,53.39324951,,
2876,53.22296143,,
2877,53.26292038,,
2878,53.12179184,,
2879,53.27183533,,
2880,53.29225922,,
2881,53.43346405,,
2882,53.19805145,,
2883,53.38299561,,
2884,53.20767212,,
2885,53.38951874,,
2886,53.22537231,,
2887,53.4078598,,
2888,53.23742676,,
2889,53.41186523,,
2890,53.14988327,,
2891,53.31237793,,
2892,53.29955292,,
2893,53.41053009,,
2894,53.19669342,,
2895,53.38541794,,
2896,53.17176437,,
2897,53.39525604,,
2898,53.16665649,,
2899,53.3602066,,
2900,53.08860397,,
2901,53.26512909,,
2902,53.13214111,,
2903,53.40033722,,
2904,53.45829773,,
2905,53.58739471,,
2906,53.39233398,,
2907,53.6010437,,
2908,53.39394379,,
2909,53.61039352,,
2910,53.36402512,,
2911,53.50888062,,
2912,53.3819809,,
2913,53.66445541,,
2914,53.53829575,,
2915,53.66884995,,
2916,53.5356369,,
2917,53.64098358,,
2918,53.38835907,,
2919,53.56846619,,
2920,53.27729416,,
2921,53.46733856,,
2922,53.23001862,,
2923,53.44475555,,
2924,53.21751022,,
2925,53.42928314,,
2926,53.15059662,,
2927,53.23983002,,
2928,53.02457809,,
2929,53.11918259,,
2930,52.89591599,,
2931,53.03099823,,
2932,52.82266998,,
2933,52.99407959,,
2934,52.77084351,,
2935,52.95154953,,
2936,52.78945923,,
2937,52.98368835,,
2938,52.72419357,,
2939,52.86894989,,
2940,52.8342514,,
2941,52.93964767,,
2942,52.74070358,,
2943,52.96207809,,
2944,52.76896286,,
2945,52.95935059,,
2946,52.7586441,,
2947,52.94009399,,
2948,52.73642731,,
2949,52.94756317,,
2950,52.70468903,,
2951,52.82167816,,
2952,52.85754395,,
2953,52.95474243,,
2954,52.74331284,,
2955,52.94302368,,
2956,52.72084808,,
2957,52.90920258,,
2958,52.71734238,,
2959,52.95709229,,
2960,52.79543304,,
2961,52.95172882,,
2962,52.70344162,,
2963,52.85049438,,
2964,52.79812622,,
2965,52.95078659,,
2966,52.75642395,,
2967,52.92749786,,
2968,52.75956345,,
2969,52.88673019,,
2970,52.73635101,,
2971,52.98480225,,
2972,52.76737976,,
2973,52.97349167,,
2974,52.75399017,,
2975,52.87892914,,
2976,52.83493042,,
2977,52.99407196,,
2978,52.77882004,,
2979,52.95748138,,
2980,52.72358322,,
2981,52.95472717,,
2982,52.721138,,
2983,52.91526413,,
2984,52.74973679,,
2985,52.9748764,,
2986,52.70785522,,
2987,52.82377625,,
2988,52.87465668,,
2989,53.03302002,,
2990,52.78164673,,
2991,52.96726608,,
2992,52.72410583,,
2993,52.89748764,,
2994,52.67896652,,
2995,52.83565903,,
2996,52.69015121,,
2997,52.93830109,,
2998,52.68898773,,
2999,52.83714294,,
3000,52.81495667,,
3001,52.92317963,,
3002,52.71320724,,
3003,52.91879272,,
3004,52.67556381,,
3005,52.78777695,,
3006,52.69254303,,
3007,52.92177963,,
3008,52.70795822,,
3009,52.925354,,
3010,52.72680664,,
3011,52.8394165,,
3012,52.83525848,,
3013,52.94250488,,
3014,52.75546265,,
3015,52.93140793,,
3016,52.71419907,,
3017,52.90835571,,
3018,52.67009735,,
3019,52.78770447,,
3020,52.63898849,,
3021,52.89478683,,
3022,52.68824005,,
3023,52.86826706,,
3024,52.84452438,,
3025,52.93093872,,
3026,52.70583344,,
3027,52.87271118,,
3028,52.60470581,,
3029,52.75357056,,
3030,52.51651001,,
3031,52.65539551,,
3032,52.46464157,,
3033,52.61487961,,
3034,52.34548187,,
3035,52.44918823,,
3036,52.37002563,,
3037,52.50799561,,
3038,52.32270813,,
3039,52.51203156,,
3040,52.36495209,,
3041,52.54278564,,
3042,52.34849167,,
3043,52.56702805,,
3044,52.37464523,,
3045,52.60752869,,
3046,52.36159515,,
3047,52.51040268,,
3048,52.54753876,,
3049,52.6607666,,
3050,52.49604416,,
3051,52.72126007,,
3052,52.56560516,,
3053,52.77265549,,
3054,52.60134506,,
3055,52.80639267,,
3056,52.57139206,,
3057,52.7220993,,
3058,52.46549606,,
3059,52.65636444,,
3060,52.69176483,,
3061,52.72753906,,
3062,52.56035614,,
3063,52.77819824,,
3064,52.50502014,,
3065,52.64937592,,
3066,52.52929306,,
3067,52.74744797,,
3068,52.52829742,,
3069,52.64776611,,
3070,52.54815292,,
3071,52.77493286,,
3072,52.69806671,,
3073,52.75244141,,
3074,52.52721405,,
3075,52.70919418,,
3076,52.54383469,,
3077,52.76182175,,
3078,52.67440796,,
3079,52.86575317,,
3080,52.59728241,,
3081,53.45534515,,
3082,57.95762253,,
3083,60.01437378,,
3084,61.12018967,,
3085,61.92095184,,
3086,62.25133514,,
3087,61.98766327,,
3088,59.45530701,,
3089,58.20706177,,
3090,56.58502197,,
3091,56.09896469,,
3092,55.22133636,,
3093,54.83846664,,
3094,54.45578766,,
3095,54.57106781,,
3096,54.38659668,,
3097,53.98848724,,
3098,53.74023438,,
3099,53.98075485,,
3100,53.90742493,,
3101,53.92445374,,
3102,53.632061,,
3103,53.69576263,,
3104,53.52149963,,
3105,53.59726715,,
3106,53.60575867,,
3107,53.83694458,,
3108,53.84712982,,
3109,54.02687073,,
3110,53.71969604,,
3111,53.84567261,,
3112,54.34246826,,
3113,55.59782028,,
3114,55.95594406,,
3115,55.94807434,,
3116,54.54352951,,
3117,53.54666138,,
3118,52.91268539,,
3119,52.86602783,,
3120,52.77848434,,
3121,52.93105316,,
3122,52.75945282,,
3123,52.96221161,,
3124,52.75137329,,
3125,53.01679611,,
3126,54.68691254,,
3127,59.26853943,,
3128,60.38909912,,
3129,58.93718719,,
3130,57.15212631,,
3131,55.89700317,,
3132,54.85771942,,
3133,53.80179977,,
3134,54.32785797,,
3135,55.09892273,,
3136,55.19071198,,
3137,55.79293823,,
3138,56.5216217,,
3139,58.15676117,,
3140,58.52359009,,
3141,59.22725677,,
3142,59.71871567,,
3143,61.99346161,,
3144,64.70290375,,
3145,67.50714874,,
3146,69.31871033,,
3147,69.37163544,,
3148,69.43904114,,
3149,70.83489227,,
3150,68.78738403,,
3151,67.88640594,,
3152,52.2208786,,
3153,52.86360931,,
3154,52.75217438,,
3155,52.84283447,,
3156,52.81747055,,
3157,52.86411667,,
3158,52.60181427,,
3159,52.83113861,,
3160,52.56696701,,
3161,52.7488327,,
3162,52.47387695,,
3163,52.66379929,,
3164,52.44025803,,
3165,52.60964966,,
3166,52.32381439,,
3167,52.51196289,,
3168,52.54536057,,
3169,52.69178391,,
3170,52.50242615,,
3171,52.69185638,,
3172,52.45001221,,
3173,52.66105652,,
3174,52.49471283,,
3175,52.54901123,,
3176,52.42208099,,
3177,52.68732834,,
3178,52.48646164,,
3179,52.60848236,,
3180,52.58432007,,
3181,52.7579155,,
3182,52.51617432,,
3183,52.67321014,,
3184,52.44859314,,
3185,52.64134216,,
3186,52.48132324,,
3187,52.63424683,,
3188,52.43605042,,
3189,52.61779785,,
3190,52.48960114,,
3191,52.69239426,,
3192,52.63117599,,
3193,52.69239426,,
3194,52.47148895,,
3195,52.6522522,,
3196,52.43996429,,
3197,52.56788254,,
3198,52.44054413,,
3199,52.66356659,,
3200,52.45360565,,
3201,52.60067749,,
3202,52.50499725,,
3203,52.72885132,,
3204,52.78847504,,
3205,52.89092255,,
3206,52.68267441,,
3207,52.87830353,,
3208,52.6882019,,
3209,52.88375473,,
3210,52.69694138,,
3211,52.89733124,,
3212,52.72374725,,
3213,52.91000366,,
3214,52.65749741,,
3215,52.77488708,,
3216,52.64940643,,
3217,52.74671173,,
3218,52.52355957,,
3219,52.66323471,,
3220,52.53855133,,
3221,52.72314072,,
3222,52.47319794,,
3223,52.69271469,,
3224,52.47667694,,
3225,52.64915085,,
3226,52.43545532,,
3227,52.57354355,,
3228,52.57883835,,
3229,52.72437668,,
3230,52.49842072,,
3231,52.66170883,,
3232,52.4407959,,
3233,52.62408447,,
3234,52.46374512,,
3235,52.68718719,,
3236,52.47318649,,
3237,52.60964966,,
3238,52.46166992,,
3239,52.68239594,,
3240,52.61894989,,
3241,52.74472046,,
3242,52.54083252,,
3243,52.70734406,,
3244,52.44726181,,
3245,52.57306671,,
3246,52.48861694,,
3247,52.69775391,,
3248,52.47352219,,
3249,52.66596985,,
3250,52.40180588,,
3251,52.54155731,,
3252,52.57778168,,
3253,52.7407341,,
3254,52.47048187,,
3255,52.55263901,,
3256,52.40850449,,
3257,52.68058014,,
3258,52.41905975,,
3259,52.52988434,,
3260,52.39580536,,
3261,52.60098267,,
3262,52.38850403,,
3263,52.51699829,,
3264,52.51922607,,
3265,52.63980103,,
3266,52.41928101,,
3267,52.61710739,,
3268,52.44813156,,
3269,52.53643799,,
3270,52.41143417,,
3271,52.64109421,,
3272,52.4515686,,
3273,52.62379074,,
3274,52.39533615,,
3275,52.49123764,,
3276,52.54271698,,
3277,52.66796875,,
3278,52.45562363,,
3279,52.61027527,,
3280,52.39585495,,
3281,52.53863525,,
3282,52.45051193,,
3283,52.63063812,,
3284,52.44730759,,
3285,52.56806183,,
3286,52.45690918,,
3287,52.66224289,,
3288,52.56539917,,
3289,52.65881348,,
3290,52.41935349,,
3291,52.59920502,,
3292,52.41497803,,
3293,52.61624146,,
3294,52.41051483,,
3295,52.61421967,,
3296,52.42470551,,
3297,52.59132004,,
3298,52.3599472,,
3299,52.50066376,,
3300,52.55204391,,
3301,52.68789673,,
3302,52.45288086,,
3303,52.61849976,,
3304,52.43071747,,
3305,52.62809372,,
3306,52.38204956,,
3307,52.54632187,,
3308,52.34005737,,
3309,52.51508713,,
3310,52.31568527,,
3311,52.51031113,,
3312,52.55477905,,
3313,52.68986511,,
3314,52.4753418,,
3315,52.65029526,,
3316,52.41959763,,
3317,52.60859299,,
3318,52.40804291,,
3319,52.60897446,,
3320,52.38684082,,
3321,52.5935936,,
3322,52.37937546,,
3323,52.57186127,,
3324,52.61664963,,
3325,52.72916794,,
3326,52.51304626,,
3327,52.7011795,,
3328,52.5217514,,
3329,52.70960617,,
3330,52.49066925,,
3331,52.65517426,,
3332,52.5290947,,
3333,52.69074631,,
3334,52.57844543,,
3335,52.56420898,,
3336,52.59518051,,
3337,52.68153,,
3338,52.4942131,,
3339,52.69872665,,
3340,52.50073242,,
3341,52.63635254,,
3342,52.49436951,,
3343,52.71093369,,
3344,52.46027756,,
3345,52.56467438,,
3346,52.48204803,,
3347,52.70693588,,
3348,52.62310028,,
3349,52.70147705,,
3350,52.53167725,,
3351,52.75468063,,
3352,52.54632568,,
3353,52.70560837,,
3354,52.53622055,,
3355,52.72079086,,
3356,52.49288177,,
3357,52.57746506,,
3358,52.47395325,,
3359,52.70493317,,
3360,52.69077682,,
3361,52.78694153,,
3362,52.5333252,,
3363,52.76985931,,
3364,52.54642487,,
3365,52.72773361,,
3366,52.54482651,,
3367,52.71361542,,
3368,52.56175995,,
3369,52.77134705,,
3370,52.52684784,,
3371,52.68548584,,
3372,52.6427536,,
3373,52.80624008,,
3374,52.54735565,,
3375,52.71442795,,
3376,52.49485397,,
3377,52.61982346,,
3378,52.48159027,,
3379,52.72953796,,
3380,52.45516968,,
3381,52.57504272,,
3382,52.45904541,,
3383,52.60170746,,
3384,52.64216232,,
3385,52.79175949,,
3386,52.60040283,,
3387,52.74053955,,
3388,52.59538269,,
3389,52.85631561,,
3390,52.67577362,,
3391,52.87211227,,
3392,52.79428101,,
3393,53.07081223,,
3394,52.82126617,,
3395,52.9791832,,
3396,52.89928436,,
3397,53.06693649,,
3398,52.89971161,,
3399,53.15176392,,
3400,52.96234894,,
3401,53.17594528,,
3402,52.90798187,,
3403,53.07390976,,
3404,52.93660736,,
3405,53.17884445,,
3406,52.96224976,,
3407,53.08477783,,
3408,53.03282928,,
3409,53.14187622,,
3410,52.85437012,,
3411,53.00858307,,
3412,52.78384399,,
3413,52.94272995,,
3414,52.68643188,,
3415,52.80186081,,
3416,52.69119263,,
3417,52.87337494,,
3418,52.62379074,,
3419,52.83723068,,
3420,52.90266037,,
3421,53.11605072,,
3422,52.82088852,,
3423,53.04113007,,
3424,52.79203415,,
3425,52.9913559,,
3426,52.75546265,,
3427,52.92993164,,
3428,52.70229721,,
3429,52.85437012,,
3430,52.72333527,,
3431,52.88981247,,
3432,52.71230698,,
3433,52.85219574,,
3434,52.65553284,,
3435,52.84157562,,
3436,52.59412766,,
3437,52.7554245,,
3438,52.50955963,,
3439,52.69755173,,
3440,52.49938583,,
3441,52.6278801,,
3442,52.4902153,,
3443,52.74183655,,
3444,52.64651489,,
3445,52.74032593,,
3446,52.49841309,,
3447,52.66419983,,
3448,52.4287529,,
3449,52.59484863,,
3450,52.34632492,,
3451,52.54050827,,
3452,52.29457855,,
3453,52.50917816,,
3454,52.3245697,,
3455,52.33896637,,
3456,52.41363525,,
3457,52.37656784,,
3458,52.16791916,,
3459,52.34499359,,
3460,52.1155777,,
3461,52.27922821,,
3462,52.05587387,,
3463,52.2243042,,
3464,52.01580048,,
3465,52.21076584,,
3466,52.03208923,,
3467,52.15560913,,
3468,52.18264771,,
3469,52.3017807,,
3470,52.09008408,,
3471,52.24598694,,
3472,52.03488159,,
3473,52.2098999,,
3474,52.02240753,,
3475,52.22750854,,
3476,51.99213791,,
3477,52.21716309,,
3478,51.94993591,,
3479,52.14985275,,
3480,52.11760712,,
3481,52.25244141,,
3482,52.01338959,,
3483,52.15717697,,
3484,51.97992706,,
3485,52.15076447,,
3486,51.8911972,,
3487,52.07871246,,
3488,51.83396149,,
3489,52.02738571,,
3490,51.82340622,,
3491,51.85922241,,
3492,51.96642303,,
3493,52.02003098,,
3494,51.80130005,,
3495,51.97779083,,
3496,51.73455048,,
3497,51.94481659,,
3498,51.74584579,,
3499,51.95758057,,
3500,51.73337555,,
3501,51.90784836,,
3502,51.66941452,,
3503,51.9048996,,
3504,51.85612488,,
3505,51.94950485,,
3506,51.7782402,,
3507,51.95762253,,
3508,51.76885223,,
3509,51.94953918,,
3510,51.74352646,,
3511,51.97769165,,
3512,51.76953888,,
3513,51.97085571,,
3514,51.7554245,,
3515,51.92884445,,
3516,51.96125412,,
3517,52.08456421,,
3518,51.86499023,,
3519,52.04987335,,
3520,51.83158493,,
3521,51.9794426,,
3522,51.79856491,,
3523,51.95300293,,
3524,51.70498657,,
3525,51.92852402,,
3526,51.73939133,,
3527,51.90470505,,
3528,51.90589905,,
3529,52.04213715,,
3530,51.79915619,,
3531,51.93899536,,
3532,51.85955048,,
3533,52.10175705,,
3534,51.9148674,,
3535,51.9961853,,
3536,51.82836914,,
3537,52.04660034,,
3538,51.8138237,,
3539,51.93816757,,
3540,51.88121796,,
3541,52.0401535,,
3542,51.80244446,,
3543,51.96816635,,
3544,51.79008102,,
3545,51.95527267,,
3546,51.78911591,,
3547,51.95762253,,
3548,51.69990158,,
3549,51.75656128,,
3550,51.60667419,,
3551,51.84121323,,
3552,51.75178146,,
3553,51.87487793,,
3554,51.65985107,,
3555,51.85774994,,
3556,51.71246338,,
3557,51.89719772,,
3558,51.76838684,,
3559,51.93228149,,
3560,51.68103027,,
3561,51.83216476,,
3562,51.69496155,,
3563,51.8965683,,
3564,51.80265427,,
3565,51.91825485,,
3566,51.67690659,,
3567,51.88783264,,
3568,51.69255829,,
3569,51.8743515,,
3570,51.69826508,,
3571,51.91135788,,
3572,51.68595505,,
3573,51.80081177,,
3574,51.68365479,,
3575,51.90507126,,
3576,51.77001572,,
3577,51.91108704,,
3578,51.69896698,,
3579,51.88370514,,
3580,51.70643234,,
3581,51.89345932,,
3582,51.64803696,,
3583,51.83460236,,
3584,51.71328354,,
3585,51.71176147,,
3586,51.70191574,,
3587,51.73950195,,
3588,51.8901062,,
3589,51.93061447,,
3590,51.75980377,,
3591,51.94078827,,
3592,51.78036118,,
3593,51.98876953,,
3594,51.74143219,,
3595,51.92332077,,
3596,51.70066452,,
3597,51.78945541,,
3598,51.65412903,,
3599,51.86930466,,
3600,51.89530182,,
3601,52.03102112,,
3602,51.86447144,,
3603,52.08971405,,
3604,51.83271027,,
3605,52.0041275,,
3606,51.87939453,,
3607,52.08977509,,
3608,51.91513824,,
3609,52.08407593,,
3610,51.98133469,,
3611,52.13679504,,
3612,52.01057434,,
3613,52.1199913,,
3614,51.90841293,,
3615,52.1288681,,
3616,51.87127304,,
3617,52.08123016,,
3618,51.8608017,,
3619,52.01932526,,
3620,51.86975098,,
3621,52.09234619,,
3622,51.84503937,,
3623,51.94019699,,
3624,51.86417389,,
3625,51.95640182,,
3626,51.78548431,,
3627,51.93410492,,
3628,51.78264999,,
3629,51.9647522,,
3630,51.76184845,,
3631,51.85446167,,
3632,51.70803452,,
3633,51.95746994,,
3634,51.73400879,,
3635,51.9275322,,
3636,51.91151428,,
3637,52.0081749,,
3638,51.77404785,,
3639,51.94102097,,
3640,51.7166748,,
3641,51.86561584,,
3642,51.75500488,,
3643,52.01537704,,
3644,51.68790817,,
3645,51.78057098,,
3646,51.65961456,,
3647,51.92780304,,
3648,51.84416199,,
3649,51.99769211,,
3650,51.80399323,,
3651,52.01863861,,
3652,51.84828949,,
3653,51.98005676,,
3654,51.84259033,,
3655,52.08984375,,
3656,51.90307617,,
3657,52.09867096,,
3658,51.84496307,,
3659,51.98915863,,
3660,52.01218796,,
3661,52.13641357,,
3662,51.86951828,,
3663,52.03461838,,
3664,51.80407333,,
3665,51.95905685,,
3666,51.86021042,,
3667,52.07326508,,
3668,51.90685654,,
3669,52.0806694,,
3670,51.87406158,,
3671,52.02595139,,
3672,52.03742218,,
3673,52.15939331,,
3674,51.98627853,,
3675,52.13747787,,
3676,51.90441132,,
3677,52.07618332,,
3678,51.81927109,,
3679,51.98684692,,
3680,51.84552002,,
3681,52.01766586,,
3682,51.90977097,,
3683,51.90795135,,
3684,51.89022827,,
3685,51.9649353,,
3686,51.82871628,,
3687,51.99923706,,
3688,51.82324982,,
3689,52.05293274,,
3690,51.77645111,,
3691,51.94738007,,
3692,51.84980392,,
3693,52.0966568,,
3694,51.95796967,,
3695,51.94238281,,
3696,52.08268356,,
3697,52.03478241,,
3698,51.95442963,,
3699,52.1749649,,
3700,52.06854248,,
3701,52.32484055,,
3702,52.14583588,,
3703,52.25881958,,
3704,52.06067657,,
3705,52.2052269,,
3706,52.02419662,,
3707,52.14017868,,
3708,52.09001923,,
3709,52.22019577,,
3710,52.05131149,,
3711,52.13101196,,
3712,51.91263962,,
3713,52.06921387,,
3714,51.97194672,,
3715,52.15188599,,
3716,51.97194672,,
3717,52.16595459,,
3718,51.99044037,,
3719,52.26543427,,
3720,52.1590271,,
3721,52.30582809,,
3722,52.0240593,,
3723,52.17172241,,
3724,51.97980881,,
3725,52.15552521,,
3726,51.85184479,,
3727,51.9958725,,
3728,51.82575607,,
3729,52.06324387,,
3730,51.88887787,,
3731,52.09875488,,
3732,51.95804977,,
3733,52.12155914,,
3734,51.96022034,,
3735,52.06708908,,
3736,51.98186493,,
3737,52.1775589,,
3738,51.98316574,,
3739,52.15037155,,
3740,51.92726898,,
3741,52.03827667,,
3742,51.98135376,,
3743,52.1630249,,
3744,52.06377792,,
3745,52.17922974,,
3746,52.03223801,,
3747,52.17281342,,
3748,52.02109909,,
3749,52.15020752,,
3750,52.04756165,,
3751,52.25651169,,
3752,51.93810654,,
3753,52.0198288,,
3754,51.98104095,,
3755,52.09083176,,
3756,51.98220062,,
3757,52.12757111,,
3758,51.97901917,,
3759,52.17642212,,
3760,51.97136688,,
3761,52.10046005,,
3762,51.91900635,,
3763,52.11333847,,
3764,51.95533371,,
3765,52.10009766,,
3766,52.06658554,,
3767,52.2558403,,
3768,52.04049301,,
3769,52.11519623,,
3770,51.89576721,,
3771,52.02046967,,
3772,51.90810394,,
3773,52.15106201,,
3774,51.94998169,,
3775,52.07691574,,
3776,51.89258957,,
3777,52.03637695,,
3778,51.8806839,,
3779,52.14520264,,
3780,52.12590027,,
3781,52.23937988,,
3782,52.01303101,,
3783,52.24614716,,
3784,51.98954391,,
3785,52.16804123,,
3786,51.89725494,,
3787,52.09986496,,
3788,51.88339996,,
3789,52.00634003,,
3790,51.83864975,,
3791,52.01174927,,
3792,51.87488556,,
3793,52.02714157,,
3794,51.81231689,,
3795,51.87649536,,
3796,51.7559166,,
3797,51.9327507,,
3798,51.74810028,,
3799,51.84861755,,
3800,51.7285881,,
3801,51.99705124,,
3802,51.86014557,,
3803,52.03034592,,
3804,51.97473907,,
3805,52.12197113,,
3806,51.92087936,,
3807,52.09739304,,
3808,51.90362549,,
3809,52.13021088,,
3810,51.93286133,,
3811,52.09838104,,
3812,51.89168549,,
3813,52.0028038,,
3814,51.86203766,,
3815,52.07150269,,
3816,51.9295311,,
3817,52.06727219,,
3818,51.87372971,,
3819,52.07089233,,
3820,51.89126587,,
3821,52.07392883,,
3822,51.85764694,,
3823,52.03833008,,
3824,51.81078339,,
3825,51.98693466,,
3826,51.79186249,,
3827,51.87584686,,
3828,51.87759399,,
3829,51.98712921,,
3830,51.78481674,,
3831,51.92950058,,
3832,51.70970154,,
3833,51.9257164,,
3834,51.86237717,,
3835,51.82274628,,
3836,51.72116089,,
3837,51.7551384,,
3838,51.75269318,,
3839,51.78889465,,
3840,51.7205925,,
3841,51.82842636,,
3842,51.61847687,,
3843,51.76195526,,
3844,51.66068268,,
3845,51.87550354,,
3846,51.70818329,,
3847,51.8892746,,
3848,51.68609619,,
3849,51.81960297,,
3850,51.68234253,,
3851,51.90678024,,
3852,51.74274445,,
3853,51.84486389,,
3854,51.68330383,,
3855,51.85111618,,
3856,51.61586761,,
3857,51.80377197,,
3858,51.62662506,,
3859,51.88674164,,
3860,51.71269989,,
3861,51.89128876,,
3862,51.640625,,
3863,51.77506638,,
3864,51.72069931,,
3865,51.86665344,,
3866,51.63853073,,
3867,51.86390305,,
3868,51.7059288,,
3869,51.92924118,,
3870,51.70722198,,
3871,51.82683945,,
3872,51.67432785,,
3873,51.90447998,,
3874,51.7119751,,
3875,51.84089661,,
3876,51.82762909,,
3877,51.90224838,,
3878,51.68050766,,
3879,51.88049316,,
3880,51.79377365,,
3881,51.74791718,,
3882,51.7559433,,
