0,52.6439209,,
1,52.60668182,,
2,52.56923676,,
3,52.54275513,,
4,52.57569504,,
5,52.5366745,,
6,52.54534912,,66.33944702
7,52.54264069,,52.00298691
8,52.60896301,,
9,52.58275604,,
10,52.59732056,,
11,52.6145134,,
12,52.7595787,,
13,52.69224167,,
14,52.7089653,,
15,52.72010803,,
16,52.65031052,,
17,52.68875122,,
18,52.72605515,,
19,52.68724823,,
20,52.64895248,,
21,52.6812706,,
22,52.6616745,,
23,52.70127106,,
24,52.57426071,,
25,52.59868622,,
26,52.68434906,,
27,52.72431564,,
28,52.70429611,,
29,52.72248459,,
30,52.66432953,,
31,52.65037155,,
32,52.6959343,,
33,52.66822433,,
34,52.68605804,,
35,52.73194885,,
36,52.72809982,,
37,52.81707382,,
38,52.86429596,,
39,52.84310913,,
40,52.82385254,,
41,52.88642502,,
42,52.85437775,,
43,52.8815155,,
44,52.87667847,,
45,52.88941956,,
46,52.85666656,,
47,52.80522919,,
48,52.82556152,,
49,52.85567856,,
50,52.88093185,,
51,52.80899048,,
52,52.77835083,,
53,52.77337265,,
54,52.75950241,,
55,52.72161102,,
56,52.7487793,,
57,52.78223801,,
58,52.81167221,,
59,52.81175995,,
60,52.78926849,,
61,52.8144989,,
62,52.81334686,,
63,52.8274765,,
64,52.81559372,,
65,52.82378387,,
66,52.82074738,,
67,52.77721786,,
68,52.7797966,,
69,52.77044678,,
70,52.73069,,
71,52.73484039,,
72,52.76424408,,
73,52.74298096,,
74,52.68848801,,
75,52.68232346,,
76,52.70423889,,
77,52.73387146,,
78,52.74557114,,
79,52.81697083,,
80,52.78919601,,
81,52.7759819,,
82,52.77059937,,
83,52.77674484,,
84,52.79066086,,
85,52.76348495,,
86,52.76802826,,
87,52.83021545,,
88,52.85137939,,
89,52.82059479,,
90,52.78709412,,
91,52.79692841,,
92,52.79219055,,
93,52.78341293,,
94,52.7780838,,
95,52.81080246,,
96,52.78741455,,
97,52.79990387,,
98,52.75987244,,
99,52.76726532,,
100,52.78905869,,
101,52.73991013,,
102,52.72576904,,
103,52.72811127,,
104,52.70870972,,
105,52.69932175,,
106,52.70336914,,
107,52.71204376,,
108,52.65461349,,
109,52.6840744,,
110,52.66578674,,
111,52.65262985,,
112,52.67217255,,
113,52.65402985,,
114,52.63287354,,
115,52.65124512,,
116,52.64977264,,
117,52.63333893,,
118,52.60792542,,
119,52.5687561,,
120,52.58060837,,
121,52.58434296,,
122,52.52970505,,
123,52.48949814,,
124,52.50243378,,
125,52.4387207,,
126,52.39821625,,
127,52.43494797,,
128,52.50392914,,
129,52.46588898,,
130,52.47625351,,
131,52.52355194,,
132,52.52484131,,
133,52.52637863,,
134,52.55791473,,
135,52.57617188,,
136,52.5582428,,
137,52.54811859,,
138,52.59645844,,
139,52.62633514,,
140,52.60071945,,
141,52.57430649,,
142,52.58532333,,
143,52.597332,,
144,52.52919769,,
145,52.53162766,,
146,52.5453186,,
147,52.52471542,,
148,52.49862671,,
149,52.4948349,,
150,52.53527832,,
151,52.52458191,,
152,52.47231674,,
153,52.48469543,,
154,52.49717331,,
155,52.51390839,,
156,52.53788376,,
157,52.55944061,,
158,52.55482483,,
159,52.5581665,,
160,52.59337997,,
161,52.55634308,,
162,52.56084824,,
163,52.55812836,,
164,52.58364868,,
165,52.57296371,,
166,52.52888489,,
167,52.54691696,,
168,52.42956161,,
169,52.43963623,,
170,52.44445419,,
171,52.44602585,,
172,52.44747162,,
173,52.45735168,,
174,52.44863892,,
175,52.48441315,,
176,52.52100754,,
177,52.52114868,,
178,52.54354095,,
179,52.53030396,,
180,52.51641846,,
181,52.5089035,,
182,52.56423187,,
183,52.52272797,,
184,52.52703094,,
185,52.55608368,,
186,52.58889008,,
187,52.60047531,,
188,52.62537384,,
189,52.60303879,,
190,52.57894135,,
191,52.58184052,,
192,52.50035095,,
193,52.51873016,,
194,52.57984543,,
195,52.53203583,,
196,52.59090805,,
197,52.60398483,,
198,52.58268356,,
199,52.59277344,,
200,52.63294601,,
201,52.61482239,,
202,52.61258698,,
203,52.64934921,,
204,52.61455917,,
205,52.57046509,,
206,52.63045502,,
207,52.67119598,,
208,52.63848114,,
209,52.61309052,,
210,52.62503815,,
211,52.61269379,,
212,52.63339233,,
213,52.58772278,,
214,52.60029221,,
215,52.57564545,,
216,52.55806732,,
217,52.62072754,,
218,52.65792084,,
219,52.61956787,,
220,52.6245842,,
221,52.60272217,,
222,52.57516479,,
223,52.56970215,,
224,52.54821014,,
225,52.52575684,,
226,52.51850891,,
227,52.53134918,,
228,52.56617355,,
229,52.57002258,,
230,52.58111572,,
231,52.54845428,,
232,52.56340027,,
233,52.53094482,,
234,52.55339813,,
235,52.56599045,,
236,52.54866791,,
237,52.56406784,,
238,52.56837463,,
239,52.54775238,,
240,52.6633606,,
241,52.64302826,,
242,52.6802063,,
243,52.69982147,,
244,52.71087646,,
245,52.66052246,,
246,52.66585541,,
247,52.67293549,,
248,52.69142151,,
249,52.66166306,,
250,52.63218307,,
251,52.59442139,,
252,52.59986877,,
253,52.5901947,,
254,52.60570526,,
255,52.60068893,,
256,52.62929535,,
257,52.59954834,,
258,52.57946777,,
259,52.5804863,,
260,52.60682297,,
261,52.6091423,,
262,52.60371017,,
263,52.65821457,,
264,52.60963058,,
265,52.68328094,,
266,52.66370773,,
267,52.65076828,,
268,52.63830185,,
269,52.61746979,,
270,52.58669662,,
271,52.63495636,,
272,52.60635376,,
273,52.59226608,,
274,52.59643555,,
275,52.57117844,,
276,52.56283569,,
277,52.61370087,,
278,52.61783981,,
279,52.58810425,,
280,52.64352036,,
281,52.64525604,,
282,52.6190033,,
283,52.60786057,,
284,52.63164902,,
285,52.59024811,,
286,52.56807709,,
287,52.55212021,,
288,52.49389267,,
289,52.46603394,,
290,52.53518677,,
291,52.46509933,,
292,52.47637177,,
293,52.49604416,,
294,52.50004196,,
295,52.50862885,,
296,52.49961853,,
297,52.50933456,,
298,52.51400757,,
299,52.50198364,,
300,52.57738495,,
301,52.58074188,,
302,52.57851791,,
303,52.5814743,,
304,52.61006927,,
305,52.59093475,,
306,52.59625244,,
307,52.63948822,,
308,52.61083603,,
309,52.60797119,,
310,52.58624268,,
311,52.58196259,,
312,52.58550262,,
313,52.55558395,,
314,52.55453491,,
315,52.50608444,,
316,52.5091362,,
317,52.54093552,,
318,52.54047775,,
319,52.53718185,,
320,52.52633286,,
321,52.50658798,,
322,52.51660156,,
323,52.5734787,,
324,52.61012268,,
325,52.60710907,,
326,52.67189789,,
327,52.65377426,,
328,52.65031052,,
329,52.65274048,,
330,52.64633179,,
331,52.63210678,,
332,52.64966583,,
333,52.62530136,,
334,52.63503647,,
335,52.6435051,,
336,52.58223724,,
337,52.57379913,,
338,52.61890793,,
339,52.58520126,,
340,52.59893036,,
341,52.61657715,,
342,52.61754608,,
343,52.61177826,,
344,52.63909149,,
345,52.66009521,,
346,52.61491013,,
347,52.59634399,,
348,52.51886749,,
349,52.50640869,,
350,52.57803345,,
351,52.55793381,,
352,52.55263901,,
353,52.56299591,,
354,52.60971069,,
355,52.57572556,,
356,52.63369751,,
357,52.60357285,,
358,52.59357834,,
359,52.58073044,,
360,52.58862305,,
361,52.57106018,,
362,52.5874176,,
363,52.54738617,,
364,52.5728302,,
365,52.59959412,,
366,52.58961105,,
367,52.56168747,,
368,52.55967712,,
369,52.60507202,,
370,52.59394455,,
371,52.623909,,
372,52.69392014,,
373,52.74318695,,
374,52.7353363,,
375,52.66762924,,
376,52.66543579,,
377,52.63814545,,
378,52.67230225,,
379,52.64862823,,
380,52.64216614,,
381,52.62605286,,
382,52.60341644,,
383,52.64405823,,
384,52.6674614,,
385,52.59369659,,
386,52.61279297,,
387,52.59113312,,
388,52.60514832,,
389,52.60271454,,
390,52.62365341,,
391,52.60447311,,
392,52.70500946,,
393,52.70504761,,
394,52.68671799,,
395,52.69796753,,
396,52.66672897,,
397,52.62165451,,
398,52.63568115,,
399,52.64973068,,
400,52.62737274,,
401,52.65595627,,
402,52.6452446,,
403,52.70243073,,
404,52.6746521,,
405,52.70348358,,
406,52.67647552,,
407,52.67177582,,
408,52.64054489,,
409,52.62563324,,
410,52.63477707,,
411,52.61721802,,
412,52.63456726,,
413,52.61115646,,
414,52.68873215,,
415,52.73685837,,
416,52.68701935,,
417,52.66645813,,
418,52.63254929,,
419,52.63790131,,
420,52.59830475,,
421,52.60837936,,
422,52.66125107,,
423,52.61908722,,
424,52.63582611,,
425,52.59365082,,
426,52.6436615,,
427,52.65928268,,
428,52.61282349,,
429,52.61239624,,
430,52.63467407,,
431,52.67090988,,
432,52.71297455,,
433,52.71110153,,
434,52.69509125,,
435,52.69284058,,
436,52.68348312,,
437,52.63562012,,
438,52.65063095,,
439,52.63836288,,
440,52.6182785,,
441,52.63630295,,
442,52.6409874,,
443,52.6771965,,
444,52.71894455,,
445,52.67416,,
446,52.63748169,,
447,52.62836838,,
448,52.62930298,,
449,52.55142975,,
450,52.56752014,,
451,52.61383057,,
452,52.58943176,,
453,52.62091827,,
454,52.58172607,,
455,52.57881927,,
456,52.50774384,,
457,52.48353577,,
458,52.47715378,,
459,52.50525665,,
460,52.51160812,,
461,52.51528931,,
462,52.53207016,,
463,52.52185059,,
464,52.55074692,,
465,52.53647614,,
466,52.5359726,,
467,52.5514946,,
468,52.50524139,,
469,52.50213623,,
470,52.51226425,,
471,52.49394989,,
472,52.4852829,,
473,52.48046875,,
474,52.49128723,,
475,52.45927429,,
476,52.44695663,,
477,52.4862175,,
478,52.48151398,,
479,52.47074127,,
480,52.49565887,,
481,52.53609467,,
482,52.5283432,,
483,52.45822144,,
484,52.45639801,,
485,52.54548645,,
486,52.49793243,,
487,52.53284454,,
488,52.52966309,,
489,52.5089035,,
490,52.50794601,,
491,52.53865814,,
492,52.46005249,,
493,52.45809174,,
494,52.49664307,,
495,52.5238266,,
496,52.49142456,,
497,52.4613266,,
498,52.49376678,,
499,52.50157166,,
500,52.48464203,,
501,52.44704437,,
502,52.48783493,,
503,52.44117355,,
504,52.50861359,,
505,52.4983139,,
506,52.47789764,,
507,52.47159958,,
508,52.52374268,,
509,52.5120163,,
510,52.49792099,,
511,52.55480576,,
512,52.5667572,,
513,52.57436371,,
514,52.53873825,,
515,52.52303314,,
516,52.52080536,,
517,52.4924736,,
518,52.4917717,,
519,52.49087524,,
520,52.53866577,,
521,52.51144409,,
522,52.50168991,,
523,52.54909515,,
524,52.54638672,,
525,52.49389648,,
526,52.47164154,,
527,52.47904587,,
528,52.47358322,,
529,52.42227173,,
530,52.49136353,,
531,52.48702621,,
532,52.48659515,,
533,52.47018051,,
534,52.46656418,,
535,52.51242065,,
536,52.46784592,,
537,52.49877548,,
538,52.47484589,,
539,52.50313568,,
540,52.53373337,,
541,52.53256989,,
542,52.51563644,,
543,52.50774765,,
544,52.49901581,,
545,52.49094772,,
546,52.47818756,,
547,52.48402023,,
548,52.45952606,,
549,52.47735596,,
550,52.46163559,,
551,52.45832443,,
552,52.45446014,,
553,52.45020676,,
554,52.47277451,,
555,52.4858017,,
556,52.54128647,,
557,52.52187347,,
558,52.53030396,,
559,52.5222168,,
560,52.54546356,,
561,52.52207184,,
562,52.52030563,,
563,52.51937866,,
564,52.63189697,,
565,52.55695724,,
566,52.62712097,,
567,52.60119629,,
568,52.5940094,,
569,52.5426178,,
570,52.52410889,,
571,52.54666138,,
572,52.57692719,,
573,52.55280685,,
574,52.56202316,,
575,52.58248138,,
576,52.65130615,,
577,52.60015869,,
578,52.56732178,,
579,52.53701782,,
580,52.56268311,,
581,52.55565643,,
582,52.5769043,,
583,52.59133148,,
584,52.58166504,,
585,52.5594101,,
586,52.57929993,,
587,52.59763718,,
588,52.5764389,,
589,52.56576538,,
590,52.63018036,,
591,52.62244415,,
592,52.60746002,,
593,52.63920212,,
594,52.64355469,,
595,52.63156128,,
596,52.61418915,,
597,52.57563019,,
598,52.56879807,,
599,52.57859421,,
600,52.4794426,,
601,52.46943665,,
602,52.48010254,,
603,52.52286911,,
604,52.56787109,,
605,52.60627365,,
606,52.61174774,,
607,52.58950424,,
608,52.57593536,,
609,52.59609222,,
610,52.54223633,,
611,52.62789917,,
612,52.66184998,,
613,52.5568161,,
614,52.55153656,,
615,52.58311462,,
616,52.56134033,,
617,52.57206345,,
618,52.58330536,,
619,52.55998993,,
620,52.52325439,,
621,52.54369354,,
622,52.5325737,,
623,52.5560379,,
624,52.62342072,,
625,52.61782837,,
626,52.58013153,,
627,52.55506516,,
628,52.61317444,,
629,52.57948303,,
630,52.56910706,,
631,52.55788422,,
632,52.53488159,,
633,52.55138397,,
634,52.50829315,,
635,52.51748657,,
636,52.47109985,,
637,52.52283478,,
638,52.48017502,,
639,52.49203491,,
640,52.48119354,,
641,52.52762985,,
642,52.5329895,,
643,52.54125595,,
644,52.59743881,,
645,52.57553864,,
646,52.53705978,,
647,52.52665329,,
648,52.53619385,,
649,52.52772141,,
650,52.56264496,,
651,52.5932312,,
652,52.56845856,,
653,52.58649826,,
654,52.54832077,,
655,52.56516647,,
656,52.55685425,,
657,52.55694199,,
658,52.57443237,,
659,52.59200287,,
660,52.62248993,,
661,52.59574509,,
662,52.6024704,,
663,52.59883118,,
664,52.58778,,
665,52.61008453,,
666,52.56168365,,
667,52.58193207,,
668,52.53797531,,
669,52.54426193,,
670,52.51609421,,
671,52.56822968,,
672,52.62482834,,
673,52.61079025,,
674,52.59675217,,
675,52.5957489,,
676,52.57189178,,
677,52.59221649,,
678,52.62842941,,
679,52.59588623,,
680,52.58507919,,
681,52.65407944,,
682,52.59424973,,
683,52.61514282,,
684,52.58200073,,
685,52.58646774,,
686,52.58849335,,
687,52.57532501,,
688,52.56964111,,
689,52.57600021,,
690,52.64687347,,
691,52.77319336,,
692,52.73114014,,
693,52.695755,,
694,52.67156219,,
695,52.6386261,,
696,52.65596008,,
697,52.61534882,,
698,52.58965302,,
699,52.61196136,,
700,52.64385223,,
701,52.63375473,,
702,52.68426514,,
703,52.67656708,,
704,52.67156982,,
705,52.64968872,,
706,52.63391113,,
707,52.6446228,,
708,52.75064087,,
709,52.77814865,,
710,52.71465683,,
711,52.67303467,,
712,52.6853447,,
713,52.73204803,,
714,52.7256279,,
715,52.74905014,,
716,52.74070358,,
717,52.74528122,,
718,52.73212814,,
719,52.78568649,,
720,52.6824646,,
721,52.66710663,,
722,52.69906235,,
723,52.69816589,,
724,52.7203064,,
725,52.72234726,,
726,52.71840668,,
727,52.70570374,,
728,52.72903442,,
729,52.73182297,,
730,52.71961594,,
731,52.73783112,,
732,52.72731781,,
733,52.72637177,,
734,52.76219177,,
735,52.75324631,,
736,52.74105835,,
737,52.72738647,,
738,52.73621368,,
739,52.71859741,,
740,52.65368652,,
741,52.55546188,,
742,52.33782196,,
743,52.15624619,,
744,52.12345123,,
745,52.35385895,,
746,52.4501152,,
747,52.52563477,,
748,52.63309479,,
749,52.67910385,,
750,52.71575165,,
751,52.68043137,,
752,52.72987366,,
753,52.73788452,,
754,52.74773407,,
755,52.71111298,,
756,52.66640854,,
757,52.62149048,,
758,52.6392746,,
759,52.67159271,,
760,52.70351791,,
761,52.61876678,,
762,52.7371521,,
763,52.85659027,,
764,52.97357941,,
765,53.03892136,,
766,53.04743195,,
767,52.98112106,,
768,52.8964653,,
769,52.89437485,,
770,52.88651276,,
771,52.84362793,,
772,52.85092926,,
773,52.80073166,,
774,52.78303146,,
775,52.79681396,,
776,52.76002502,,
777,52.81118011,,
778,52.90193176,,
779,52.99497604,,
780,52.95251465,,
781,52.88702011,,
782,52.84689331,,
783,52.7782135,,
784,52.72787476,,
785,52.72231293,,
786,52.63860321,,
787,52.59667969,,
788,52.60054779,,
789,52.57183838,,
790,52.45182037,,
791,52.46089935,,
792,52.39458466,,
793,52.36579132,,
794,52.33863068,,
795,52.32336044,,
796,52.33341599,,
797,52.35943222,,
798,52.36320496,,
799,52.36439133,,
800,52.39045334,,
801,52.40654755,,
802,52.3524704,,
803,52.39716339,,
804,52.2769165,,
805,52.37784958,,
806,52.372509,,
807,52.33874512,,
808,52.31354523,,
809,52.31546021,,
810,52.31484222,,
811,52.30016708,,
812,52.29121399,,
813,52.32442474,,
814,52.28046799,,
815,52.32246017,,
816,52.31112671,,
817,52.29844284,,
818,52.28755951,,
819,52.33498383,,
820,52.30689621,,
821,52.26716614,,
822,52.20136642,,
823,52.23675537,,
824,52.19945526,,
825,52.23179245,,
826,52.22350693,,
827,52.23245239,,
828,52.18621063,,
829,52.2156601,,
830,52.21805573,,
831,52.23178864,,
832,52.18603516,,
833,52.21731567,,
834,52.19976425,,
835,52.19060898,,
836,52.19702148,,
837,52.23131561,,
838,52.20837402,,
839,52.24763107,,
840,52.18460083,,
841,52.15470123,,
842,52.16480637,,
843,52.19332886,,
844,52.16975403,,
845,52.20830917,,
846,52.17765427,,
847,52.22383881,,
848,52.21960449,,
849,52.23048019,,
850,52.23455048,,
851,52.22434616,,
852,52.16577148,,
853,52.17224884,,
854,52.16540527,,
855,52.15546417,,
856,52.10879517,,
857,52.09536743,,
858,52.07175827,,
859,52.05647278,,
860,52.00934982,,
861,52.06324387,,
862,52.10111618,,
863,52.10427094,,
864,52.13378906,,
865,52.21940231,,
866,52.19358826,,
867,52.15605927,,
868,52.05078125,,
869,52.01494598,,
870,52.01411057,,
871,52.03314972,,
872,52.01591492,,
873,52.07927704,,
874,52.0605545,,
875,52.13468552,,
876,52.15895844,,
877,52.15559387,,
878,52.19982529,,
879,52.2002182,,
880,52.16535568,,
881,52.19036102,,
882,52.21672821,,
883,52.26571655,,
884,52.28403854,,
885,52.28399277,,
886,52.30024338,,
887,52.29969406,,
888,52.35317993,,
889,52.36455536,,
890,52.41691208,,
891,52.41904831,,
892,52.39989471,,
893,52.40920258,,
894,52.38541794,,
895,52.39710617,,
896,52.3909874,,
897,52.42596054,,
898,52.39907455,,
899,52.42715454,,
900,52.44519043,,
901,52.47310638,,
902,52.51195908,,
903,52.51815796,,
904,52.52379608,,
905,52.59354782,,
906,52.58898926,,
907,52.59742355,,
908,52.56368256,,
909,52.60889435,,
910,52.58139038,,
911,52.57080078,,
912,52.68394089,,
913,52.69935608,,
914,52.69910812,,
915,52.69321442,,
916,52.67306519,,
917,52.716362,,
918,52.70479584,,
919,52.70170212,,
920,52.68729782,,
921,52.72568893,,
922,52.71657562,,
923,52.69728088,,
924,52.69949341,,
925,52.72755051,,
926,52.75283813,,
927,52.7258606,,
928,52.71169281,,
929,52.7460556,,
930,52.72125244,,
931,52.74983978,,
932,52.75037384,,
933,52.72206879,,
934,52.68569183,,
935,52.68159485,,
936,52.69260406,,
937,52.64995575,,
938,52.48397064,,
939,52.63557434,,
940,52.55764771,,
941,52.51829529,,
942,52.4957695,,
943,52.50628662,,
944,52.67565155,,
945,52.80437851,,
946,52.69957733,,
947,52.64537811,,
948,52.47646332,,
949,52.50883484,,
950,52.53652191,,
951,52.46186829,,
952,52.49504089,,
953,52.53947067,,
954,52.54822922,,
955,52.54405975,,
956,52.56610107,,
957,52.60265732,,
958,52.6257782,,
959,52.61570358,,
960,52.59375,,
961,52.63106918,,
962,52.5701828,,
963,52.64478683,,
964,52.59114838,,
965,52.67274475,,
966,52.56809616,,
967,52.61855316,,
968,52.54413986,,
969,52.53106689,,
970,52.5090332,,
971,52.55415344,,
972,52.52046204,,
973,52.53185654,,
974,52.53559494,,
975,52.52700043,,
976,52.53207016,,
977,52.55132294,,
978,52.59435272,,
979,52.622509,,
980,52.60386276,,
981,52.61907196,,
982,52.60417938,,
983,52.59347534,,
984,52.59305954,,
985,52.59957123,,
986,52.55981064,,
987,52.56255341,,
988,52.5941391,,
989,52.58319092,,
990,52.56161499,,
991,52.64737701,,
992,52.60297775,,
993,52.59718323,,
994,52.57247162,,
995,52.65647507,,
996,52.59880066,,
997,52.5539093,,
998,52.60044479,,
999,52.60112762,,
1000,52.59999847,,
1001,52.61391449,,
1002,52.59388351,,
1003,52.62749481,,
1004,52.66495514,,
1005,52.68487549,,
1006,52.6656723,,
1007,52.69900513,,
1008,52.6071701,,
1009,52.61566162,,
1010,52.58230591,,
1011,52.58189011,,
1012,52.59381866,,
1013,52.61550522,,
1014,52.59075165,,
1015,52.60691071,,
1016,52.63452148,,
1017,52.60190964,,
1018,52.60337448,,
1019,52.64651108,,
1020,52.64765549,,
1021,52.66854858,,
1022,52.67883301,,
1023,52.71914673,,
1024,52.66691589,,
1025,52.70188522,,
1026,52.6804657,,
1027,52.72887802,,
1028,52.67958832,,
1029,52.64706039,,
1030,52.65501404,,
1031,52.69875336,,
1032,52.70109558,,
1033,52.70320892,,
1034,52.68655396,,
1035,52.64297485,,
1036,52.61508179,,
1037,52.63129807,,
1038,52.61643982,,
1039,52.60827637,,
1040,52.60017014,,
1041,52.60006332,,
1042,52.5705719,,
1043,52.59510422,,
1044,52.66448212,,
1045,52.66857147,,
1046,52.62878418,,
1047,52.64463425,,
1048,52.63131714,,
1049,52.68536377,,
1050,52.64794159,,
1051,52.67684174,,
1052,52.6384964,,
1053,52.60081482,,
1054,52.52422333,,
1055,52.56390381,,
1056,52.54346848,,
1057,52.587883,,
1058,52.59154892,,
1059,52.6014328,,
1060,52.57764816,,
1061,52.53556442,,
1062,52.51398849,,
1063,52.55698776,,
1064,52.50447845,,
1065,52.50195313,,
1066,52.48144531,,
1067,52.49201202,,
1068,52.40627289,,
1069,52.4573288,,
1070,52.43793869,,
1071,52.44083786,,
1072,52.44133759,,
1073,52.44463348,,
1074,52.37119293,,
1075,52.34629822,,
1076,52.31890869,,
1077,52.34566498,,
1078,52.29376221,,
1079,52.31555176,,
1080,52.25839996,,
1081,52.27751923,,
1082,52.24891281,,
1083,52.26670456,,
1084,52.18960571,,
1085,52.22297287,,
1086,52.19561005,,
1087,52.21547699,,
1088,52.20020676,,
1089,52.24309921,,
1090,52.18003464,,
1091,52.16927719,,
1092,52.0712204,,
1093,52.01369476,,
1094,52.00298691,,
1095,52.0469017,,
1096,52.07333374,,
1097,52.11707687,,
1098,52.30118942,,
1099,52.40300751,,
1100,52.38819504,,
1101,52.50469971,,
1102,52.58287811,,
1103,52.62509155,,
1104,52.66277313,,
1105,52.73329926,,
1106,52.79460144,,
1107,52.79789734,,
1108,52.83250046,,
1109,52.78890228,,
1110,52.65290451,,
1111,52.59486008,,
1112,52.59189987,,
1113,52.58735275,,
1114,52.63163376,,
1115,52.5771904,,
1116,52.54818726,,
1117,52.60178375,,
1118,52.6517868,,
1119,52.684021,,
1120,52.75595856,,
1121,52.77133942,,
1122,52.79691315,,
1123,52.71412277,,
1124,52.72187805,,
1125,52.73296356,,
1126,52.73051071,,
1127,52.72520447,,
1128,52.79029846,,
1129,52.78735352,,
1130,52.79354858,,
1131,52.7685051,,
1132,52.76603699,,
1133,52.7516098,,
1134,52.70192719,,
1135,52.65588379,,
1136,52.71879196,,
1137,52.68491745,,
1138,52.66689682,,
1139,52.63051605,,
1140,52.68835068,,
1141,52.6625824,,
1142,52.75800705,,
1143,52.80664063,,
1144,52.82187653,,
1145,52.79240036,,
1146,52.78760529,,
1147,52.77160263,,
1148,52.78571701,,
1149,52.79426193,,
1150,52.81571198,,
1151,52.77326202,,
1152,52.94134521,,
1153,52.97374725,,
1154,52.99674988,,
1155,53.01935577,,
1156,53.00707245,,
1157,52.97930527,,
1158,53.00259399,,
1159,53.00507355,,
1160,52.96871948,,
1161,52.97554779,,
1162,52.9450798,,
1163,52.95893097,,
1164,52.86270142,,
1165,52.87466431,,
1166,52.88140488,,
1167,52.87116623,,
1168,52.88859177,,
1169,52.82644653,,
1170,52.82943344,,
1171,52.84174728,,
1172,52.79224396,,
1173,52.77025986,,
1174,52.75144577,,
1175,52.76554871,,
1176,52.67173767,,
1177,52.69380188,,
1178,52.70333481,,
1179,52.67850494,,
1180,52.68084717,,
1181,52.65298462,,
1182,52.62282562,,
1183,52.65032959,,
1184,52.67201233,,
1185,52.63906097,,
1186,52.60856628,,
1187,52.52160645,,
1188,52.52514648,,
1189,52.50774384,,
1190,52.59128571,,
1191,52.61129761,,
1192,52.68276215,,
1193,52.63588715,,
1194,52.55548859,,
1195,52.56815338,,
1196,52.62060165,,
1197,52.59429932,,
1198,52.61372375,,
1199,52.61600494,,
1200,52.59685516,,
1201,52.59537506,,
1202,52.57578659,,
1203,52.55388641,,
1204,52.53414154,,
1205,52.5118103,,
1206,52.50498581,,
1207,52.54057312,,
1208,52.4922142,,
1209,52.52601624,,
1210,52.49860764,,
1211,52.4916687,,
1212,52.43814087,,
1213,52.44021225,,
1214,52.45917892,,
1215,52.49166489,,
1216,52.50868225,,
1217,52.51856995,,
1218,52.48385239,,
1219,52.43940353,,
1220,52.48116684,,
1221,52.47982788,,
1222,52.45025635,,
1223,52.48603439,,
1224,52.50587463,,
1225,52.53229904,,
1226,52.5401535,,
1227,52.51836395,,
1228,52.51674652,,
1229,52.49582672,,
1230,52.50205612,,
1231,52.52099609,,
1232,52.49139404,,
1233,52.50925827,,
1234,52.52597046,,
1235,52.49549484,,
1236,52.44512939,,
1237,52.46269226,,
1238,52.48461533,,
1239,52.47004318,,
1240,52.46095276,,
1241,52.45944214,,
1242,52.47647858,,
1243,52.37582016,,
1244,52.41521454,,
1245,52.40273285,,
1246,52.39026642,,
1247,52.41259003,,
1248,52.4022522,,
1249,52.42704391,,
1250,52.43641281,,
1251,52.41473389,,
1252,52.43241501,,
1253,52.44268036,,
1254,52.4561882,,
1255,52.42416,,
1256,52.43695831,,
1257,52.42853546,,
1258,52.41239929,,
1259,52.41152191,,
1260,52.37788391,,
1261,52.39249802,,
1262,52.35791779,,
1263,52.37121201,,
1264,52.45806885,,
1265,52.49611664,,
1266,52.49117279,,
1267,52.45967865,,
1268,52.47074127,,
1269,52.46934128,,
1270,52.4287529,,
1271,52.39489746,,
1272,52.39474106,,
1273,52.40712738,,
1274,52.39260864,,
1275,52.37161255,,
1276,52.41490936,,
1277,52.42948532,,
1278,52.4426651,,
1279,52.47379684,,
1280,52.54885101,,
1281,52.56619263,,
1282,52.61759949,,
1283,52.65734863,,
1284,52.80934906,,
1285,52.8157196,,
1286,52.96468353,,
1287,52.99091339,,
1288,53.13605881,,
1289,53.19184113,,
1290,53.26877975,,
1291,53.30433273,,
1292,53.29127502,,
1293,53.32678986,,
1294,53.34487915,,
1295,53.35676575,,
1296,53.4618454,,
1297,53.49494553,,
1298,53.57998276,,
1299,53.56255341,,
1300,53.55905914,,
1301,53.53565598,,
1302,53.65055466,,
1303,53.68671799,,
1304,53.73776245,,
1305,53.79729843,,
1306,53.79646301,,
1307,53.79122162,,
1308,53.74433517,,
1309,53.70864105,,
1310,53.79187775,,
1311,53.77735519,,
1312,53.72344589,,
1313,53.71582794,,
1314,53.65717697,,
1315,53.64642334,,
1316,53.59767914,,
1317,53.54637909,,
1318,53.53486252,,
1319,53.49050522,,
1320,53.44754028,,
1321,53.50855255,,
1322,53.41474533,,
1323,53.24354172,,
1324,53.16199493,,
1325,52.8261528,,
1326,52.61178589,,
1327,52.50039291,,
1328,52.3604126,,
1329,52.30042267,,
1330,52.3193779,,
1331,52.32354736,,
1332,52.57674789,,
1333,52.68942261,,
1334,52.66730881,,
1335,52.76476669,,
1336,52.86237717,,
1337,53.01220322,,
1338,52.80969238,,
1339,52.86045074,,
1340,52.93671799,,
1341,53.11660767,,
1342,53.19187546,,
1343,53.33467865,,
1344,53.39929199,,
1345,53.68018723,,
1346,53.82561874,,
1347,53.89333344,,
1348,54.09436035,,
1349,54.15724945,,
1350,54.28562546,,
1351,54.2954216,,
1352,54.22364426,,
1353,54.25756836,,
1354,54.1606102,,
1355,53.93505859,,
1356,53.48947144,,
1357,53.52573395,,
1358,53.57174683,,
1359,53.56559753,,
1360,53.61114502,,
1361,53.65746689,,
1362,53.73563766,,
1363,53.76353073,,
1364,53.82765961,,
1365,53.91001511,,
1366,54.15811157,,
1367,54.53677368,,
1368,54.7790451,,
1369,54.96417236,,
1370,55.12653732,,
1371,54.90055466,,
1372,54.61902618,,
1373,54.71844101,,
1374,54.67560577,,
1375,54.64686584,,
1376,54.69924545,,
1377,54.68701172,,
1378,54.71774292,,
1379,54.66511154,,
1380,54.72245789,,
1381,54.71878052,,
1382,54.74867249,,
1383,54.77935791,,
1384,54.78736496,,
1385,54.75643921,,
1386,54.75950241,,
1387,54.70605087,,
1388,54.75915527,,
1389,54.77255249,,
1390,54.68601608,,
1391,54.65836716,,
1392,54.68043137,,
1393,54.64212036,,
1394,54.67724609,,
1395,54.68862915,,
1396,54.80801392,,
1397,54.77970123,,
1398,54.76948547,,
1399,54.76176071,,
1400,54.76557922,,
1401,54.74071503,,
1402,54.68528748,,
1403,54.71790695,,
1404,54.79517746,,
1405,54.75732422,,
1406,54.81495285,,
1407,54.77209473,,
1408,54.74213409,,
1409,54.73818207,,
1410,54.74667358,,
1411,54.7583847,,
1412,54.78188705,,
1413,54.71459961,,
1414,54.88003159,,
1415,54.87799072,,
1416,54.86468124,,
1417,54.75237274,,
1418,54.74985886,,
1419,54.73629761,,
1420,54.67481613,,
1421,54.59638214,,
1422,54.60280991,,
1423,54.50806808,,
1424,54.56970215,,
1425,54.49429321,,
1426,54.49077988,,
1427,54.49572754,,
1428,54.43682098,,
1429,54.3503418,,
1430,54.39944458,,
1431,54.35831833,,
1432,54.38792038,,
1433,54.3390007,,
1434,54.33737946,,
1435,54.32695007,,
1436,54.34945679,,
1437,54.27019882,,
1438,54.19677353,,
1439,54.11764145,,
1440,54.00973511,,
1441,53.94799805,,
1442,53.82839203,,
1443,53.86222458,,
1444,53.86302948,,
1445,54.06388474,,
1446,54.20569992,,
1447,54.25872803,,
1448,54.39230347,,
1449,54.44509888,,
1450,54.41950607,,
1451,54.27134705,,
1452,54.2558403,,
1453,54.23738861,,
1454,54.26077271,,
1455,54.32405853,,
1456,54.30437469,,
1457,54.32631683,,
1458,54.28025055,,
1459,54.23344421,,
1460,54.16709518,,
1461,54.25238037,,
1462,54.28358078,,
1463,54.33338928,,
1464,54.46878052,,
1465,54.49869919,,
1466,54.53494263,,
1467,54.64440155,,
1468,54.66581726,,
1469,54.68005371,,
1470,54.76363373,,
1471,54.90713501,,
1472,54.9213028,,
1473,54.96212769,,
1474,55.0701828,,
1475,55.07707977,,
1476,54.97202301,,
1477,54.9760437,,
1478,54.98435593,,
1479,54.95690918,,
1480,54.91159821,,
1481,54.93597412,,
1482,54.91221237,,
1483,54.9102478,,
1484,54.89589691,,
1485,54.92433929,,
1486,54.89774704,,
1487,54.85070801,,
1488,54.86513519,,
1489,54.89461899,,
1490,54.92280579,,
1491,54.98422241,,
1492,54.96807861,,
1493,54.93907928,,
1494,54.87919235,,
1495,54.67340851,,
1496,54.5538559,,
1497,54.49171066,,
1498,54.57949066,,
1499,54.63396454,,
1500,54.84076691,,
1501,54.71500778,,
1502,54.66921997,,
1503,54.7394104,,
1504,54.82537079,,
1505,54.83161545,,
1506,54.86208725,,
1507,54.87000275,,
1508,54.89075851,,
1509,54.92428207,,
1510,54.93527985,,
1511,54.89922333,,
1512,54.92333221,,
1513,54.95343018,,
1514,55.0843811,,
1515,55.11887741,,
1516,55.26217651,,
1517,55.31975555,,
1518,55.51596069,,
1519,55.58006287,,
1520,55.66468048,,
1521,55.70120239,,
1522,55.74932861,,
1523,55.77338409,,
1524,55.90513229,,
1525,55.90924835,,
1526,55.93633652,,
1527,55.90697479,,
1528,55.96531677,,
1529,55.97598267,,
1530,56.04311371,,
1531,56.05889893,,
1532,56.12701035,,
1533,56.10677719,,
1534,56.17707062,,
1535,56.16420746,,
1536,56.16649628,,
1537,56.15587616,,
1538,56.1649437,,
1539,56.14823914,,
1540,56.19995117,,
1541,56.17721558,,
1542,56.19675827,,
1543,56.14533615,,
1544,56.28363037,,
1545,56.32398224,,
1546,56.41646576,,
1547,56.44390869,,
1548,56.64310837,,
1549,56.67765045,,
1550,56.75915527,,
1551,56.78612518,,
1552,56.82954025,,
1553,56.85391235,,
1554,56.86319733,,
1555,56.86972046,,
1556,56.89930344,,
1557,56.86849213,,
1558,56.92129517,,
1559,56.82314301,,
1560,56.61935425,,
1561,56.5295639,,
1562,56.54987717,,
1563,56.4874115,,
1564,56.45637131,,
1565,56.40996552,,
1566,56.403862,,
1567,56.36344528,,
1568,56.35778046,,
1569,56.29627609,,
1570,56.35488129,,
1571,56.33343506,,
1572,56.23531342,,
1573,56.17834473,,
1574,56.21854782,,
1575,56.15666962,,
1576,56.15137863,,
1577,56.13218307,,
1578,56.10195923,,
1579,56.10733032,,
1580,56.11541748,,
1581,56.07736969,,
1582,56.08658981,,
1583,56.04476547,,
1584,56.03978729,,
1585,55.98384857,,
1586,56.00660324,,
1587,55.93447876,,
1588,55.92577362,,
1589,55.93914413,,
1590,55.9186554,,
1591,55.89461517,,
1592,55.93506622,,
1593,55.88774872,,
1594,55.89454651,,
1595,55.85258102,,
1596,55.75297165,,
1597,55.66519165,,
1598,55.76516724,,
1599,55.76621628,,
1600,55.76952362,,
1601,55.71461487,,
1602,55.73005295,,
1603,55.7220459,,
1604,55.7458725,,
1605,55.73331833,,
1606,55.70264816,,
1607,55.60689545,,
1608,55.62620163,,
1609,55.51560593,,
1610,55.43041229,,
1611,55.43540955,,
1612,55.40337372,,
1613,55.40525055,,
1614,55.48244476,,
1615,55.45227814,,
1616,55.49685669,,
1617,55.47671509,,
1618,55.54330444,,
1619,55.52114487,,
1620,55.49502563,,
1621,55.51241684,,
1622,55.65222931,,
1623,55.6363945,,
1624,55.67716599,,
1625,55.72346497,,
1626,55.7596283,,
1627,55.73637009,,
1628,55.81596375,,
1629,55.858284,,
1630,55.92950058,,
1631,55.97849655,,
1632,56.0001297,,
1633,56.0460434,,
1634,56.16274643,,
1635,56.23638916,,
1636,56.39509201,,
1637,56.55579376,,
1638,56.68457031,,
1639,56.6400528,,
1640,56.71773529,,
1641,56.71473312,,
1642,56.89988708,,
1643,56.89974976,,
1644,57.0138855,,
1645,57.03120041,,
1646,57.10013962,,
1647,57.09599304,,
1648,57.10604858,,
1649,57.11927032,,
1650,57.22032166,,
1651,57.18519211,,
1652,57.21975708,,
1653,57.19869614,,
1654,57.28355026,,
1655,57.28179932,,
1656,57.35351181,,
1657,57.30338669,,
1658,57.30942917,,
1659,57.30955124,,
1660,57.34070969,,
1661,57.28414154,,
1662,57.40465927,,
1663,57.41042328,,
1664,57.41359711,,
1665,57.40460205,,
1666,57.40736008,,
1667,57.39165497,,
1668,57.30875778,,
1669,57.28536224,,
1670,57.3481369,,
1671,57.34896851,,
1672,57.35301208,,
1673,57.29888153,,
1674,57.37369919,,
1675,57.32264709,,
1676,57.33716965,,
1677,57.30700302,,
1678,57.32442856,,
1679,57.27399826,,
1680,57.32802582,,
1681,57.31451035,,
1682,57.32561493,,
1683,57.22974777,,
1684,57.25222778,,
1685,57.22768402,,
1686,57.23874664,,
1687,57.18064499,,
1688,57.16329956,,
1689,57.14881516,,
1690,57.11363983,,
1691,57.09912109,,
1692,56.94556427,,
1693,56.92274094,,
1694,56.92858124,,
1695,56.86933517,,
1696,56.86009979,,
1697,56.84326172,,
1698,56.83806992,,
1699,56.79987717,,
1700,56.80258942,,
1701,56.79327011,,
1702,56.76066208,,
1703,56.75324631,,
1704,56.66942596,,
1705,56.65180588,,
1706,56.68476868,,
1707,56.60659027,,
1708,56.5969162,,
1709,56.56283569,,
1710,56.52803802,,
1711,56.49482346,,
1712,56.45496368,,
1713,56.43330002,,
1714,56.5047226,,
1715,56.48643112,,
1716,56.43537903,,
1717,56.32659149,,
1718,56.17463303,,
1719,56.05874634,,
1720,56.08919525,,
1721,55.9557457,,
1722,55.95619202,,
1723,56.06010056,,
1724,56.00985336,,
1725,55.99565125,,
1726,56.10837555,,
1727,56.24411011,,
1728,56.56744385,,
1729,56.65519333,,
1730,56.63175583,,
1731,56.60417938,,
1732,56.25165558,,
1733,56.0442276,,
1734,55.72312164,,
1735,55.4962883,,
1736,55.33068466,,
1737,55.11585999,,
1738,54.83911133,,
1739,54.10015869,,
1740,53.8927536,,
1741,53.65461349,,
1742,53.84410095,,
1743,53.82061768,,
1744,53.83866119,,
1745,54.0368576,,
1746,54.10925293,,
1747,54.36724854,,
1748,54.51142883,,
1749,54.85821533,,
1750,54.98606491,,
1751,55.1115036,,
1752,55.15543747,,
1753,55.10235214,,
1754,55.14823914,,
1755,55.16444016,,
1756,55.19495773,,
1757,55.18122482,,
1758,55.17428589,,
1759,55.20999908,,
1760,55.15648651,,
1761,55.18840027,,
1762,55.23260498,,
1763,55.18639374,,
1764,55.11697388,,
1765,54.96926117,,
1766,54.87415314,,
1767,54.65991211,,
1768,54.53702927,,
1769,54.40995789,,
1770,54.32513428,,
1771,54.25243759,,
1772,54.22012329,,
1773,54.22307587,,
1774,54.33283615,,
1775,54.42521286,,
1776,54.59109116,,
1777,54.64316559,,
1778,54.75313568,,
1779,54.80381775,,
1780,54.83922577,,
1781,54.86929321,,
1782,55.01602173,,
1783,55.0071106,,
1784,55.13323975,,
1785,55.08678436,,
1786,55.14913559,,
1787,55.1066246,,
1788,55.24877167,,
1789,55.09614182,,
1790,55.08989716,,
1791,54.88815308,,
1792,54.91028976,,
1793,54.87183762,,
1794,54.803936,,
1795,54.78417206,,
1796,54.80557251,,
1797,54.6844101,,
1798,54.61526489,,
1799,54.58179474,,
1800,54.55612183,,
1801,54.53516388,,
1802,54.53525925,,
1803,54.58094788,,
1804,54.49549484,,
1805,54.48449326,,
1806,54.54236984,,
1807,54.43578339,,
1808,54.43642426,,
1809,54.46643829,,
1810,54.46172333,,
1811,54.41500092,,
1812,54.55648041,,
1813,54.59220505,,
1814,54.60619354,,
1815,54.56246948,,
1816,54.56710815,,
1817,54.67358398,,
1818,54.65980148,,
1819,54.66264343,,
1820,54.70718384,,
1821,54.66804123,,
1822,54.76378632,,
1823,54.65781784,,
1824,54.7101059,,
1825,54.6107254,,
1826,54.63514328,,
1827,54.55880356,,
1828,54.58446884,,
1829,54.59653854,,
1830,54.58842087,,
1831,54.56622314,,
1832,54.63192749,,
1833,54.77575302,,
1834,54.97918701,,
1835,55.03278732,,
1836,55.24836349,,
1837,55.2599411,,
1838,55.37624741,,
1839,54.8891449,,
1840,55.12067795,,
1841,55.07817841,,
1842,55.13567352,,
1843,55.10697937,,
1844,55.18684006,,
1845,55.14661789,,
1846,55.22200775,,
1847,55.23120117,,
1848,55.19855881,,
1849,55.18465424,,
1850,55.19876099,,
1851,55.18165207,,
1852,55.26171494,,
1853,55.18598557,,
1854,55.17821503,,
1855,55.18807983,,
1856,55.14331818,,
1857,55.16558838,,
1858,55.1633606,,
1859,55.17424774,,
1860,55.23159027,,
1861,55.27341843,,
1862,55.29198837,,
1863,55.24149704,,
1864,55.30089569,,
1865,55.29594421,,
1866,55.2864151,,
1867,55.26644135,,
1868,55.32777023,,
1869,55.30717087,,
1870,55.31534958,,
1871,55.24041748,,
1872,55.28620529,,
1873,55.34832001,,
1874,55.43723679,,
1875,55.40926743,,
1876,55.4103775,,
1877,55.36254501,,
1878,55.43290329,,
1879,55.40070724,,
1880,55.38444138,,
1881,55.33361816,,
1882,55.3496933,,
1883,55.3699913,,
1884,55.27981567,,
1885,55.27758026,,
1886,55.36665344,,
1887,55.3347702,,
1888,55.41368866,,
1889,55.40478516,,
1890,55.42251205,,
1891,55.46668625,,
1892,55.50835419,,
1893,55.46107101,,
1894,55.46098328,,
1895,55.44962311,,
1896,55.46670532,,
1897,55.46012497,,
1898,55.46247101,,
1899,55.44573212,,
1900,55.47290039,,
1901,55.47848511,,
1902,55.560112,,
1903,55.53259277,,
1904,55.53112793,,
1905,55.50283432,,
1906,55.54901123,,
1907,55.53530502,,
1908,55.51665497,,
1909,55.54032516,,
1910,55.6351738,,
1911,55.60173798,,
1912,55.60226059,,
1913,55.59335327,,
1914,55.67768097,,
1915,55.63364792,,
1916,55.60969162,,
1917,55.47053146,,
1918,55.4503479,,
1919,55.39926147,,
1920,55.41230392,,
1921,55.43573761,,
1922,55.48099518,,
1923,55.45691681,,
1924,55.43592072,,
1925,55.46638107,,
1926,55.46372604,,
1927,55.38711166,,
1928,55.49117279,,
1929,55.53820038,,
1930,55.73033905,,
1931,55.79051971,,
1932,55.82067871,,
1933,55.85633469,,
1934,55.99947357,,
1935,55.98376083,,
1936,55.9763031,,
1937,55.9884758,,
1938,55.96060181,,
1939,55.93027496,,
1940,55.89464569,,
1941,55.94835663,,
1942,55.85873413,,
1943,55.92718124,,
1944,55.99719238,,
1945,56.07356262,,
1946,56.04809189,,
1947,56.06368256,,
1948,56.06105804,,
1949,56.03384018,,
1950,56.09979248,,
1951,56.16805649,,
1952,56.1456604,,
1953,56.14638519,,
1954,56.1620903,,
1955,56.17407227,,
1956,56.07976913,,
1957,56.1567955,,
1958,56.20119476,,
1959,56.21008301,,
1960,56.19759369,,
1961,56.1918335,,
1962,56.14279175,,
1963,56.11630249,,
1964,56.09260178,,
1965,56.14801788,,
1966,56.15515137,,
1967,56.16757202,,
1968,56.14715576,,
1969,56.05235291,,
1970,55.938591,,
1971,55.79240036,,
1972,55.5080986,,
1973,55.18514252,,
1974,55.0115509,,
1975,54.85649872,,
1976,54.71683502,,
1977,54.6553154,,
1978,54.53431702,,
1979,54.40461731,,
1980,54.55513763,,
1981,54.62075043,,
1982,54.72816467,,
1983,54.82318115,,
1984,55.07897949,,
1985,55.24975204,,
1986,55.41775513,,
1987,55.46229172,,
1988,55.52227783,,
1989,55.6370163,,
1990,55.67588425,,
1991,55.65880585,,
1992,55.71053314,,
1993,55.74960327,,
1994,55.76600266,,
1995,55.79087448,,
1996,55.91538239,,
1997,56.07058716,,
1998,56.32800293,,
1999,56.39673996,,
2000,56.47119141,,
2001,56.62306213,,
2002,56.58840942,,
2003,56.14278412,,
2004,56.73850632,,
2005,56.79249573,,
2006,56.87298584,,
2007,56.89591217,,
2008,56.99427414,,
2009,57.04931641,,
2010,57.14239502,,
2011,57.14022827,,
2012,57.20936584,,
2013,57.22072601,,
2014,57.25440979,,
2015,57.22835541,,
2016,57.32795334,,
2017,57.33929062,,
2018,57.4149704,,
2019,57.40527344,,
2020,57.45046997,,
2021,57.45048141,,
2022,57.39791489,,
2023,57.37294769,,
2024,57.39425659,,
2025,57.38723755,,
2026,57.48168945,,
2027,57.38146591,,
2028,57.52746201,,
2029,57.54899216,,
2030,57.62151718,,
2031,57.51906586,,
2032,57.53755951,,
2033,57.49752808,,
2034,57.53521347,,
2035,57.63610077,,
2036,57.7654953,,
2037,57.76097107,,
2038,57.78569794,,
2039,57.72499847,,
2040,57.71328735,,
2041,57.6651268,,
2042,57.57627487,,
2043,57.53775024,,
2044,57.45612717,,
2045,57.48668671,,
2046,57.50684738,,
2047,57.38472748,,
2048,57.40120697,,
2049,57.42390442,,
2050,57.43412399,,
2051,57.34978867,,
2052,57.43473816,,
2053,57.46483612,,
2054,57.39968109,,
2055,57.3347435,,
2056,57.37298584,,
2057,57.30120468,,
2058,57.49710083,,
2059,57.50685883,,
2060,57.56272888,,
2061,57.56938934,,
2062,57.58884811,,
2063,57.62046814,,
2064,57.39896774,,
2065,57.35557175,,
2066,57.43074799,,
2067,57.39030075,,
2068,57.45765305,,
2069,57.33156586,,
2070,57.35856628,,
2071,57.30706787,,
2072,57.23566818,,
2073,57.16358566,,
2074,57.17258835,,
2075,57.13452911,,
2076,57.0278244,,
2077,57.00959396,,
2078,56.98000336,,
2079,56.93041611,,
2080,56.98035812,,
2081,56.93609238,,
2082,56.86181641,,
2083,56.81110764,,
2084,56.90844345,,
2085,56.8564682,,
2086,56.84731293,,
2087,56.80130005,,
2088,56.69443893,,
2089,56.66326141,,
2090,56.71150208,,
2091,56.66661072,,
2092,56.71374512,,
2093,56.70481873,,
2094,56.75775146,,
2095,56.74507904,,
2096,56.78078461,,
2097,56.79688644,,
2098,56.76552963,,
2099,56.80204391,,
2100,56.76908112,,
2101,56.78128052,,
2102,56.82898712,,
2103,56.78138733,,
2104,56.82778168,,
2105,56.81594086,,
2106,56.85953903,,
2107,56.86320114,,
2108,56.90021896,,
2109,56.86403656,,
2110,56.86534882,,
2111,56.87682343,,
2112,56.85723114,,
2113,56.81954956,,
2114,56.85876465,,
2115,56.85734177,,
2116,56.86214447,,
2117,56.86577606,,
2118,56.89893341,,
2119,56.86499023,,
2120,56.86498642,,
2121,56.95232773,,
2122,56.90115356,,
2123,56.81044006,,
2124,56.72568893,,
2125,56.6766777,,
2126,56.6979599,,
2127,56.73990631,,
2128,56.77952194,,
2129,56.73191452,,
2130,56.77109909,,
2131,56.78080368,,
2132,56.87915802,,
2133,56.81030273,,
2134,56.7776413,,
2135,56.84912109,,
2136,56.84078979,,
2137,56.85659409,,
2138,56.86766815,,
2139,56.85044479,,
2140,56.88453674,,
2141,56.915802,,
2142,56.85982513,,
2143,56.90395737,,
2144,56.89290619,,
2145,56.88434601,,
2146,56.9413147,,
2147,56.95638275,,
2148,56.91400146,,
2149,56.92310715,,
2150,56.93894958,,
2151,56.87863159,,
2152,56.90949631,,
2153,56.91999435,,
2154,56.91891098,,
2155,56.94205856,,
2156,56.9920578,,
2157,56.93417358,,
2158,56.98672485,,
2159,56.99411011,,
2160,57.12509155,,
2161,57.11740112,,
2162,57.19930267,,
2163,57.22265244,,
2164,57.27079391,,
2165,57.26588058,,
2166,57.37703705,,
2167,57.40624237,,
2168,57.54909515,,
2169,57.67346191,,
2170,57.68447876,,
2171,57.57121277,,
2172,57.69503784,,
2173,57.64835739,,
2174,57.65555954,,
2175,57.71397018,,
2176,57.76945114,,
2177,57.80522919,,
2178,57.96470261,,
2179,58.12373352,,
2180,58.33048248,,
2181,58.50732422,,
2182,58.71917725,,
2183,58.71008301,,
2184,58.98980331,,
2185,59.20422363,,
2186,59.39224243,,
2187,59.41292572,,
2188,59.58304977,,
2189,59.62107849,,
2190,59.81963348,,
2191,59.85944748,,
2192,60.05491257,,
2193,60.02967072,,
2194,60.20497131,,
2195,60.24900055,,
2196,60.49884033,,
2197,60.50165939,,
2198,60.62412643,,
2199,60.62206268,,
2200,60.76491547,,
2201,60.84252167,,
2202,60.95068359,,
2203,61.02574921,,
2204,61.14061737,,
2205,61.14024353,,
2206,61.33673859,,
2207,61.42899704,,
2208,61.59742355,,
2209,61.61422729,,
2210,61.70119858,,
2211,61.67599487,,
2212,61.75904465,,
2213,61.73267746,,
2214,61.86304855,,
2215,61.8779068,,
2216,62.03731537,,
2217,62.00426483,,
2218,62.0920105,,
2219,62.18899155,,
2220,62.30634308,,
2221,62.39081573,,
2222,62.59547043,,
2223,62.66283417,,
2224,62.85575485,,
2225,62.89771271,,
2226,63.09427643,,
2227,63.1710968,,
2228,63.33755493,,
2229,63.43338013,,
2230,63.50049591,,
2231,63.49134445,,
2232,63.70587921,,
2233,63.72068024,,
2234,63.77074814,,
2235,63.73934937,,
2236,63.80425262,,
2237,63.73110962,,
2238,63.84881592,,
2239,63.81074524,,
2240,63.99393845,,
2241,63.99514389,,
2242,64.14719391,,
2243,64.10153198,,
2244,64.14026642,,
2245,64.18641663,,
2246,64.32954407,,
2247,64.27217102,,
2248,64.3612442,,
2249,64.36419678,,
2250,64.60435486,,
2251,64.61090851,,
2252,64.6890564,,
2253,64.57933807,,
2254,64.69881439,,
2255,64.63570404,,
2256,64.7118454,,
2257,64.62123108,,
2258,64.78390503,,
2259,64.71168518,,
2260,64.74092102,,
2261,64.54899597,,
2262,64.54417419,,
2263,64.58981323,,
2264,64.78199005,,
2265,64.79880524,,
2266,65.04637146,,
2267,65.15161133,,
2268,65.36317444,,
2269,65.28752899,,
2270,65.34684753,,
2271,65.20528412,,
2272,65.17950439,,
2273,65.00799561,,
2274,65.01229858,,
2275,64.96841431,,
2276,64.84474182,,
2277,64.75636292,,
2278,64.76957703,,
2279,64.63594818,,
2280,64.49676514,,
2281,64.39560699,,
2282,64.42427826,,
2283,64.41542053,,
2284,64.61097717,,
2285,64.53340149,,
2286,64.55899048,,
2287,64.46142578,,
2288,64.40689087,,
2289,64.28755951,,
2290,64.41436005,,
2291,64.3399353,,
2292,64.11401367,,
2293,63.96943283,,
2294,64.0215683,,
2295,63.93554306,,
2296,63.91270065,,
2297,63.71201706,,
2298,63.70127487,,
2299,63.64387512,,
2300,63.65691757,,
2301,63.53293991,,
2302,63.59699631,,
2303,63.57006073,,
2304,63.42670822,,
2305,63.30082321,,
2306,63.27954102,,
2307,63.18536377,,
2308,63.19966888,,
2309,63.05080414,,
2310,63.02227402,,
2311,62.91178131,,
2312,62.83765793,,
2313,62.68140411,,
2314,62.68992615,,
2315,62.57758713,,
2316,62.4417572,,
2317,62.39985275,,
2318,62.38391876,,
2319,62.13598633,,
2320,62.06673431,,
2321,61.91857147,,
2322,61.90300751,,
2323,61.82181931,,
2324,61.74810791,,
2325,61.60152435,,
2326,61.55117798,,
2327,61.44561768,,
2328,61.29445648,,
2329,61.247612,,
2330,61.28543091,,
2331,61.17861938,,
2332,61.18014526,,
2333,61.1002121,,
2334,60.9882431,,
2335,60.83442307,,
2336,60.70303345,,
2337,60.54177856,,
2338,60.47512817,,
2339,60.37998581,,
2340,60.14511871,,
2341,60.04876328,,
2342,60.12120819,,
2343,60.08103943,,
2344,60.11336517,,
2345,59.99244308,,
2346,59.99697113,,
2347,59.91690063,,
2348,59.90681458,,
2349,59.82305908,,
2350,59.79429245,,
2351,59.74001312,,
2352,59.81362915,,
2353,59.77771759,,
2354,59.8520813,,
2355,59.80807495,,
2356,59.8939476,,
2357,59.86766815,,
2358,59.91736603,,
2359,59.86701584,,
2360,59.89990234,,
2361,59.87042236,,
2362,59.87226486,,
2363,59.8106308,,
2364,59.72000122,,
2365,59.69898987,,
2366,59.74410248,,
2367,59.69070435,,
2368,59.77402878,,
2369,59.72794724,,
2370,59.75659943,,
2371,59.70812988,,
2372,59.72249985,,
2373,59.7478447,,
2374,59.74352264,,
2375,59.69554901,,
2376,59.63355637,,
2377,59.58550644,,
2378,59.69578552,,
2379,59.67836761,,
2380,59.73002625,,
2381,59.70088959,,
2382,59.71421432,,
2383,59.6978569,,
2384,59.77637863,,
2385,59.75215149,,
2386,59.84249115,,
2387,59.77449799,,
2388,59.89095688,,
2389,59.91224289,,
2390,60.05286789,,
2391,60.02825928,,
2392,60.13903046,,
2393,60.14571381,,
2394,60.26580048,,
2395,60.29176331,,
2396,60.41358566,,
2397,60.43852997,,
2398,60.59811401,,
2399,60.64789581,,
2400,60.76538849,,
2401,60.78714752,,
2402,60.93505859,,
2403,60.92260742,,
2404,61.0246582,,
2405,61.06819916,,
2406,61.2039299,,
2407,61.15432739,,
2408,61.34749603,,
2409,61.34268951,,
2410,61.4515686,,
2411,61.53805161,,
2412,61.6603775,,
2413,61.65129852,,
2414,61.82125854,,
2415,61.85473633,,
2416,61.96233368,,
2417,61.99268723,,
2418,62.14535522,,
2419,62.12531662,,
2420,62.2642746,,
2421,62.2816925,,
2422,62.41008759,,
2423,62.45147705,,
2424,62.54231262,,
2425,62.58368683,,
2426,62.66596985,,
2427,62.63928223,,
2428,62.7775383,,
2429,62.78027344,,
2430,62.96162033,,
2431,62.97811127,,
2432,63.19550323,,
2433,63.25422668,,
2434,63.40020752,,
2435,63.38749313,,
2436,63.48000336,,
2437,63.48745346,,
2438,63.57126999,,
2439,63.5303421,,
2440,63.61705017,,
2441,63.57283783,,
2442,63.73985291,,
2443,63.73228455,,
2444,63.8428154,,
2445,63.84866333,,
2446,64.00957489,,
2447,64.0223999,,
2448,64.21084595,,
2449,64.23584747,,
2450,64.3591156,,
2451,64.33483887,,
2452,64.45264435,,
2453,64.40184021,,
2454,64.48550415,,
2455,64.46903992,,
2456,64.55750275,,
2457,64.50111389,,
2458,64.6368866,,
2459,64.64448547,,
2460,64.73995972,,
2461,64.75191498,,
2462,64.85844421,,
2463,64.86517334,,
2464,65.03303528,,
2465,65.043396,,
2466,65.25645447,,
2467,65.25673676,,
2468,65.41672516,,
2469,65.39274597,,
2470,65.5300827,,
2471,65.52941895,,
2472,65.55175781,,
2473,65.53469086,,
2474,65.65087128,,
2475,65.61787415,,
2476,65.75901794,,
2477,65.70370483,,
2478,65.82647705,,
2479,65.85640717,,
2480,65.96482849,,
2481,65.94777679,,
2482,65.97402954,,
2483,65.87927246,,
2484,65.93267059,,
2485,65.90846252,,
2486,66.07727051,,
2487,66.03051758,,
2488,66.15676117,,
2489,66.15664673,,
2490,66.26409912,,
2491,66.19514465,,
2492,66.32619476,,
2493,66.30343628,,
2494,66.33944702,,
2495,66.23349762,,
2496,66.19062805,,
2497,66.15086365,,
2498,66.24925232,,
2499,66.2278595,,
2500,66.19189453,,
2501,66.065979,,
2502,66.1292038,,
2503,66.07446289,,
2504,66.10240173,,
2505,65.94593048,,
2506,65.88439941,,
2507,65.72692871,,
2508,65.47042084,,
2509,65.36592102,,
2510,65.45365906,,
2511,65.43391418,,
2512,65.5315094,,
2513,65.45851135,,
2514,65.56813049,,
2515,65.54432678,,
2516,65.62837219,,
2517,65.54258728,,
2518,65.56584167,,
2519,65.42424011,,
2520,65.21297455,,
2521,65.07875824,,
2522,65.10899353,,
2523,64.93426514,,
2524,64.88092041,,
2525,64.76077271,,
2526,64.74095154,,
2527,64.54310608,,
2528,64.5083313,,
2529,64.28201294,,
2530,64.29292297,,
2531,64.10741425,,
2532,63.97560883,,
2533,63.94029999,,
2534,64.0493927,,
2535,64.00258636,,
2536,64.1139679,,
2537,64.07643127,,
2538,64.14324951,,
2539,64.02145386,,
2540,63.95378113,,
2541,63.84708786,,
2542,63.85752106,,
2543,63.75608444,,
2544,63.62106323,,
2545,63.52505112,,
2546,63.67208099,,
2547,63.61378098,,
2548,63.68710327,,
2549,63.26626587,,
2550,62.89038849,,
2551,62.93914413,,
2552,62.92058563,,
2553,62.8269577,,
2554,62.78951645,,
2555,62.64431,,
2556,62.45832062,,
2557,62.59129333,,
2558,62.63555145,,
2559,62.55194855,,
2560,62.60948944,,
2561,62.5343399,,
2562,62.50837326,,
2563,62.44419479,,
2564,62.33231735,,
2565,62.18977356,,
2566,62.15156174,,
2567,62.07334137,,
2568,62.01156616,,
2569,62.02509689,,
2570,61.99801636,,
2571,61.94678879,,
2572,61.89656067,,
2573,61.80181122,,
2574,61.76628876,,
2575,61.77483368,,
2576,61.71718979,,
2577,61.77600098,,
2578,61.77520752,,
2579,61.70766449,,
2580,61.57332993,,
2581,61.50457764,,
2582,61.46783447,,
2583,61.32317352,,
2584,61.34161377,,
2585,61.13689423,,
2586,61.09909058,,
2587,61.0671196,,
2588,61.05905151,,
2589,61.0670166,,
2590,61.07334518,,
2591,60.98766327,,
2592,60.99912643,,
2593,60.9174614,,
2594,60.90010071,,
2595,60.83969879,,
2596,60.95383453,,
2597,60.85592651,,
2598,60.96160126,,
2599,60.97315979,,
2600,60.99080658,,
2601,61.00417328,,
2602,60.97840881,,
2603,61.01954269,,
2604,60.98783493,,
2605,60.98143005,,
2606,60.99341583,,
2607,61.01926422,,
2608,61.09617233,,
2609,61.17137909,,
2610,61.26817322,,
2611,61.12092209,,
2612,61.30552292,,
2613,61.2381897,,
2614,61.22797775,,
2615,61.12673187,,
2616,61.23382568,,
2617,61.31991196,,
2618,61.46519089,,
2619,61.60996628,,
2620,61.78365707,,
2621,61.72252655,,
2622,61.71320343,,
2623,61.64206696,,
2624,61.62955475,,
2625,61.55944824,,
2626,61.59619141,,
2627,61.67541504,,
2628,61.73299408,,
2629,61.75598907,,
2630,61.87697601,,
2631,61.87478256,,
2632,61.88840866,,
2633,61.86521149,,
2634,61.92523193,,
2635,61.89009857,,
2636,61.88503265,,
2637,61.82037354,,
2638,61.85938644,,
2639,61.83217621,,
2640,61.69805527,,
2641,61.72606659,,
2642,61.93063354,,
2643,61.83941269,,
2644,61.9451561,,
2645,61.79880905,,
2646,61.87660217,,
2647,61.93590546,,
2648,62.37409592,,
2649,61.88758087,,
2650,61.56559372,,
2651,61.6386528,,
2652,61.83843994,,
2653,61.83636475,,
2654,61.77359009,,
2655,61.65320969,,
2656,61.56629562,,
2657,61.31347656,,
2658,61.30198288,,
2659,61.28134918,,
2660,61.48240662,,
2661,61.43729401,,
2662,61.45026779,,
2663,61.43842316,,
2664,61.43602753,,
2665,61.38419342,,
2666,61.48553085,,
2667,61.42420959,,
2668,61.48337936,,
2669,61.41610718,,
2670,61.39192963,,
2671,61.35315704,,
2672,61.48507309,,
2673,61.44342804,,
2674,61.47993469,,
2675,61.41493988,,
2676,61.25925827,,
2677,61.20090866,,
2678,61.29717255,,
2679,61.29812622,,
2680,61.44289398,,
2681,61.51345062,,
2682,61.60615158,,
2683,61.77549744,,
2684,61.98106384,,
2685,61.97370148,,
2686,61.90300751,,
2687,61.83413315,,
2688,61.75446701,,
2689,61.72150421,,
2690,61.75323486,,
2691,61.80928802,,
2692,61.95926666,,
2693,62.021492,,
2694,62.07164764,,
2695,62.02338791,,
2696,62.14926147,,
2697,62.01072693,,
2698,61.95786667,,
2699,61.7883873,,
2700,62.13883591,,
2701,61.94285583,,
2702,61.84783173,,
2703,61.82949829,,
2704,61.43619919,,
2705,61.10142136,,
2706,62.09860229,,
2707,61.98516464,,
2708,61.56079102,,
2709,62.18513489,,
2710,61.69922638,,
2711,61.84329224,,
2712,61.97524261,,
2713,61.89263153,,
2714,61.80344772,,
2715,62.2400322,,
2716,62.22038269,,
2717,61.83859253,,
2718,61.97428513,,
2719,62.39933777,,
2720,62.73772812,,
2721,62.52120209,,
2722,62.67550278,,
2723,62.07740402,,
2724,61.93128967,,
2725,61.99674225,,
2726,62.89048386,,
2727,62.83908081,,
2728,62.93252563,,
2729,62.90657806,,
2730,62.79636765,,
2731,62.67992401,,
2732,62.71586609,,
2733,62.56259155,,
2734,62.7232666,,
2735,62.777771,,
2736,62.8405304,,
2737,62.80608368,,
2738,62.95576096,,
2739,62.97999191,,
2740,63.04502487,,
2741,63.05670166,,
2742,63.18151093,,
2743,63.1435051,,
2744,63.21533966,,
2745,63.17687607,,
2746,63.25978088,,
2747,63.14852142,,
2748,63.28765106,,
2749,63.32836533,,
2750,63.47068405,,
2751,63.46862411,,
2752,63.63363266,,
2753,63.70794678,,
2754,63.85082245,,
2755,63.84954834,,
2756,64.08608246,,
2757,64.13581848,,
2758,64.29505157,,
2759,64.32391357,,
2760,64.5464325,,
2761,64.53856659,,
2762,64.69849396,,
2763,64.62527466,,
2764,64.50456238,,
2765,64.35229492,,
2766,64.3088913,,
2767,64.17572021,,
2768,64.18109131,,
2769,64.21451569,,
2770,64.35942078,,
2771,64.36177063,,
2772,64.4960022,,
2773,64.47947693,,
2774,64.69787598,,
2775,64.73942566,,
2776,64.81248474,,
2777,64.88047791,,
2778,65.048172,,
2779,64.95372772,,
2780,64.9567337,,
2781,64.85838318,,
2782,64.87446594,,
2783,64.81411743,,
2784,64.44979095,,
2785,64.16872406,,
2786,64.07530975,,
2787,63.97150803,,
2788,63.91666794,,
2789,63.7710228,,
2790,63.8367157,,
2791,63.8086853,,
2792,63.88232422,,
2793,63.72705841,,
2794,63.66566086,,
2795,63.54377365,,
2796,63.4751091,,
2797,63.37148285,,
2798,63.39822388,,
2799,63.34631348,,
2800,63.35595322,,
2801,63.29711914,,
2802,63.30176544,,
2803,63.1018486,,
2804,63.05767059,,
2805,62.9154892,,
2806,62.9128685,,
2807,62.82165527,,
2808,62.63928223,,
2809,62.53663635,,
2810,62.51846313,,
2811,62.44919968,,
2812,62.49523544,,
2813,62.38285446,,
2814,62.45127869,,
2815,62.37508392,,
2816,62.31223679,,
2817,62.28219223,,
2818,62.3529129,,
2819,62.28948975,,
2820,62.09157944,,
2821,62.0856781,,
2822,62.21541595,,
2823,62.22311401,,
2824,62.11169052,,
2825,62.00675964,,
2826,61.94852829,,
2827,61.86651611,,
2828,61.84700012,,
2829,61.80874634,,
2830,61.7567749,,
2831,61.70090485,,
2832,61.65482712,,
2833,61.52961349,,
2834,61.51030731,,
2835,61.44532394,,
2836,61.51101685,,
2837,61.45437622,,
2838,61.41891479,,
2839,61.33123779,,
2840,61.43066406,,
2841,61.36060715,,
2842,61.46061325,,
2843,61.46450043,,
2844,61.53949738,,
2845,61.47205734,,
2846,61.50880432,,
2847,61.44169235,,
2848,61.5041008,,
2849,61.4274292,,
2850,61.39997101,,
2851,61.3158989,,
2852,61.29576874,,
2853,61.21447372,,
2854,61.19302368,,
2855,61.15042114,,
2856,61.12950897,,
2857,61.08432007,,
2858,61.10212708,,
2859,61.07299423,,
2860,61.13248444,,
2861,61.08841705,,
2862,61.13555908,,
2863,61.12747192,,
2864,61.17638397,,
2865,61.11672974,,
2866,61.12911224,,
2867,61.09780121,,
2868,61.15464783,,
2869,61.1150589,,
2870,61.29400635,,
2871,61.49597168,,
2872,61.63221359,,
2873,61.57270432,,
2874,61.62257004,,
2875,61.50514984,,
2876,61.52148438,,
2877,61.28879929,,
2878,61.09733582,,
2879,60.87293625,,
2880,60.91782379,,
2881,60.98905182,,
2882,60.99465942,,
2883,60.9543457,,
2884,60.97529221,,
2885,60.90203857,,
2886,60.91238403,,
2887,60.95801544,,
2888,61.08439255,,
2889,61.00444794,,
2890,61.07863617,,
2891,61.05251312,,
2892,61.32627487,,
2893,61.37994003,,
2894,61.35614014,,
2895,61.39428711,,
2896,61.47372437,,
2897,61.37628937,,
2898,61.41029358,,
2899,61.3596611,,
2900,61.43215942,,
2901,61.31794357,,
2902,61.40428162,,
2903,61.35906219,,
2904,61.36472702,,
2905,61.32369995,,
2906,61.34877014,,
2907,61.259655,,
2908,61.32991791,,
2909,61.30155182,,
2910,61.33264923,,
2911,61.31658173,,
2912,61.42577362,,
2913,61.42810059,,
2914,61.5038681,,
2915,61.50838852,,
2916,61.6879425,,
2917,61.65055466,,
2918,61.78539276,,
2919,61.86585617,,
2920,62.00386047,,
2921,62.09640503,,
2922,62.28814697,,
2923,62.25770187,,
2924,62.43062592,,
2925,62.48350143,,
2926,62.53458786,,
2927,62.54555511,,
2928,62.55329514,,
2929,62.58428192,,
2930,62.67900848,,
2931,62.67330933,,
2932,62.74534607,,
2933,62.6803894,,
2934,62.64231491,,
2935,62.54337692,,
2936,62.5561142,,
2937,62.3829422,,
2938,62.33278656,,
2939,62.29635239,,
2940,61.91019821,,
2941,61.71157837,,
2942,61.62667847,,
2943,61.40412521,,
2944,61.51103973,,
2945,61.53255463,,
2946,61.61221313,,
2947,61.6938324,,
2948,62.15092087,,
2949,62.37575531,,
2950,62.85725021,,
2951,63.19042587,,
2952,63.41119385,,
2953,63.44863129,,
2954,63.70995331,,
2955,63.85640717,,
2956,64.15611267,,
2957,64.21430969,,
2958,64.26989746,,
2959,64.20245361,,
2960,64.12075806,,
2961,63.93479538,,
2962,63.88782883,,
2963,63.74211884,,
2964,63.72724152,,
2965,63.51222229,,
2966,63.39678955,,
2967,63.22483444,,
2968,63.12664032,,
2969,62.99655914,,
2970,63.04322052,,
2971,63.09317017,,
2972,63.08905029,,
2973,63.00529099,,
2974,63.13343048,,
2975,63.16763306,,
2976,63.26654816,,
2977,63.28360748,,
2978,63.34949875,,
2979,63.29720306,,
2980,63.33273315,,
2981,63.28555298,,
2982,63.26704407,,
2983,63.15049362,,
2984,62.96226501,,
2985,62.66456223,,
2986,62.51833725,,
2987,62.28342819,,
2988,62.1733017,,
2989,62.09823608,,
2990,61.96047211,,
2991,61.80394745,,
2992,61.83145905,,
2993,61.73664856,,
2994,61.75881577,,
2995,61.90975952,,
2996,62.00909424,,
2997,61.96490097,,
2998,62.06686401,,
2999,62.0891037,,
3000,62.09656525,,
3001,62.03978729,,
3002,62.0752182,,
3003,62.07855225,,
3004,62.15353394,,
3005,62.14889526,,
3006,62.22173309,,
3007,62.17222214,,
3008,62.18710327,,
3009,62.12667084,,
3010,62.16468811,,
3011,62.17448044,,
3012,62.18743134,,
3013,62.09875488,,
3014,62.06462097,,
3015,62.04502487,,
3016,62.10003281,,
3017,62.06363678,,
3018,62.13709259,,
3019,62.11264038,,
3020,62.0912323,,
3021,62.10573578,,
3022,62.27450562,,
3023,62.27679062,,
3024,62.45861816,,
3025,62.40739441,,
3026,62.52145386,,
3027,62.45817184,,
3028,62.58068085,,
3029,62.59411621,,
3030,62.45883179,,
3031,62.35660934,,
3032,62.41444016,,
3033,62.3391037,,
3034,62.44367218,,
3035,62.44822311,,
3036,62.50283432,,
3037,62.38063812,,
3038,62.43218613,,
3039,62.53714752,,
3040,62.39954376,,
3041,62.20814133,,
3042,62.28721237,,
3043,62.20396423,,
3044,62.28829956,,
3045,62.22340393,,
3046,62.82221603,,
3047,62.73049927,,
3048,62.88757324,,
3049,62.77603149,,
3050,62.87255478,,
3051,62.78278351,,
3052,62.79830551,,
3053,62.7529068,,
3054,62.81165314,,
3055,62.68662643,,
3056,62.67795944,,
3057,62.61617279,,
3058,62.56179047,,
3059,62.41226196,,
3060,62.31524658,,
3061,62.24043274,,
3062,62.25399017,,
3063,62.16699219,,
3064,62.16372681,,
3065,62.07111359,,
3066,62.13450241,,
3067,62.1505127,,
3068,62.15606308,,
3069,62.07381439,,
3070,62.12978363,,
3071,62.11837769,,
3072,62.17274094,,
3073,62.12851715,,
3074,62.21614838,,
3075,62.19110107,,
3076,62.23397064,,
3077,62.22564697,,
3078,62.27241135,,
3079,62.22905731,,
3080,62.22431564,,
3081,62.24334717,,
3082,62.26688766,,
3083,62.19680786,,
3084,62.17668915,,
3085,62.01769257,,
3086,62.03654099,,
3087,61.84528732,,
3088,61.7903862,,
3089,61.7134819,,
3090,61.69824219,,
3091,61.65307617,,
3092,61.66538239,,
3093,61.63185883,,
3094,61.66456223,,
3095,61.78206635,,
3096,61.83216476,,
3097,61.78925705,,
3098,61.7750473,,
3099,61.68431854,,
3100,61.76003647,,
3101,61.71875763,,
3102,61.76604462,,
3103,61.74259186,,
3104,61.75519562,,
3105,61.70669174,,
3106,61.83472443,,
3107,61.85583496,,
3108,61.88738251,,
3109,61.75391769,,
3110,61.8724823,,
3111,61.88726425,,
3112,61.89779663,,
3113,61.80015564,,
3114,61.8337822,,
3115,61.77680969,,
3116,61.80348206,,
3117,61.76026535,,
3118,61.77114487,,
3119,61.69228745,,
3120,61.73078537,,
3121,61.76616669,,
3122,61.88121796,,
3123,61.92485809,,
3124,62.11626434,,
3125,62.19799042,,
3126,62.26580048,,
3127,62.24182129,,
3128,62.31925201,,
3129,62.30640793,,
3130,62.38642502,,
3131,62.36037445,,
3132,62.34669113,,
3133,62.30379486,,
3134,62.42922211,,
3135,62.43554688,,
3136,62.4735527,,
3137,62.46293259,,
3138,62.45302963,,
3139,62.42461395,,
3140,62.48232269,,
3141,62.49022675,,
3142,62.59196091,,
3143,62.60863495,,
3144,62.76351929,,
3145,62.76000214,,
3146,62.85390472,,
3147,62.83963013,,
3148,62.94134521,,
3149,62.94529343,,
3150,63.06524658,,
3151,63.08539963,,
3152,63.13692474,,
3153,63.13178253,,
3154,63.14160919,,
3155,63.04763794,,
3156,62.93239594,,
3157,62.85699081,,
3158,63.01013947,,
3159,63.06139374,,
3160,63.16897583,,
3161,63.33404541,,
3162,63.52383041,,
3163,63.63508224,,
3164,63.88320923,,
3165,63.91488647,,
3166,63.99303436,,
3167,63.89089966,,
3168,63.99076462,,
3169,63.95347595,,
3170,64.00415802,,
3171,64.0443573,,
3172,64.34255981,,
3173,64.40248871,,
3174,64.50515747,,
3175,64.41947937,,
3176,64.50991821,,
3177,64.42808533,,
3178,64.43325806,,
3179,64.4335022,,
3180,64.353302,,
3181,64.344841,,
3182,64.48338318,,
3183,64.48196411,,
3184,64.57052612,,
3185,64.53050995,,
3186,64.50218201,,
3187,64.45256042,,
3188,64.53420258,,
3189,64.45501709,,
3190,64.44536591,,
3191,64.459198,,
3192,64.51054382,,
3193,64.44924927,,
3194,64.50079346,,
3195,64.45461273,,
3196,64.53174591,,
3197,64.47401428,,
3198,64.60164642,,
3199,64.56122589,,
3200,64.6371994,,
3201,64.5997467,,
3202,64.68325043,,
3203,64.59973907,,
3204,64.60175323,,
3205,64.52141571,,
3206,64.59342194,,
3207,64.53627014,,
3208,64.58831787,,
3209,64.51554871,,
3210,64.522789,,
3211,64.43135071,,
3212,64.49118042,,
3213,64.48204041,,
3214,64.50778198,,
3215,64.4942627,,
3216,64.42391205,,
3217,64.38586426,,
3218,64.39102173,,
3219,64.33679199,,
3220,64.39686584,,
3221,64.36952209,,
3222,64.45321655,,
3223,64.40837097,,
3224,64.41574097,,
3225,64.47172546,,
3226,64.6047287,,
3227,64.6599884,,
3228,64.81289673,,
3229,64.76997375,,
3230,64.76612091,,
3231,64.59631348,,
3232,64.56965637,,
3233,64.52554321,,
3234,64.6199646,,
3235,64.67177582,,
3236,64.83422852,,
3237,64.81529236,,
3238,64.78672791,,
3239,64.62705994,,
3240,64.68777466,,
3241,64.55529785,,
3242,64.47151184,,
3243,64.38233185,,
3244,64.48014832,,
3245,64.44615173,,
3246,64.50527954,,
3247,64.46918488,,
3248,64.54089355,,
3249,64.45393372,,
3250,64.55773926,,
3251,64.46395111,,
3252,64.47315216,,
3253,64.38067627,,
3254,64.41049194,,
3255,64.36012268,,
3256,64.42240906,,
3257,64.31785583,,
3258,64.28505707,,
3259,64.20635986,,
3260,64.29653931,,
3261,64.2927475,,
3262,64.39234924,,
3263,64.31535339,,
3264,64.34082794,,
3265,64.26092529,,
3266,64.37479401,,
3267,64.26982117,,
3268,64.25776672,,
3269,64.0887146,,
3270,63.72974777,,
3271,63.25403976,,
3272,62.94714355,,
3273,62.99155807,,
3274,63.05353546,,
3275,63.05566406,,
3276,62.96188354,,
3277,62.94019699,,
3278,63.04800415,,
3279,63.02222824,,
3280,63.07686615,,
3281,63.06541061,,
3282,63.14867401,,
3283,63.14273071,,
3284,63.23630905,,
3285,63.23781967,,
3286,63.23178101,,
3287,63.18700409,,
3288,63.19454575,,
3289,63.15870667,,
3290,63.23129272,,
3291,63.25286102,,
3292,63.31597519,,
3293,63.33794403,,
3294,63.36148834,,
3295,63.2776413,,
3296,63.30100632,,
3297,63.29207611,,
3298,63.3216362,,
3299,63.20764923,,
3300,63.12836838,,
3301,63.10331345,,
3302,63.17565918,,
3303,63.07775116,,
3304,63.07571411,,
3305,63.0640831,,
3306,63.11457443,,
3307,63.11640549,,
3308,63.21915817,,
3309,63.2261734,,
3310,63.5401268,,
3311,63.81152344,,
3312,64.06432343,,
3313,64.18750763,,
3314,64.35968018,,
3315,64.26092529,,
3316,64.3026886,,
3317,64.1651535,,
3318,64.14186859,,
3319,64.08178711,,
3320,64.10822296,,
3321,64.05718994,,
3322,63.97290039,,
3323,63.79592896,,
3324,63.64871979,,
3325,63.5745163,,
3326,63.61795044,,
3327,63.61790466,,
3328,63.47063446,,
3329,63.2448349,,
3330,62.93291473,,
3331,62.71221161,,
3332,62.66077423,,
3333,62.5534668,,
3334,62.51523972,,
3335,62.48529053,,
3336,62.45429611,,
3337,62.41993332,,
3338,62.56081772,,
3339,62.60452271,,
3340,62.73003387,,
3341,62.61534882,,
3342,62.69018555,,
3343,62.65148926,,
3344,62.66213989,,
3345,62.5205307,,
3346,62.58588409,,
3347,62.65093994,,
3348,62.76505661,,
3349,62.70872116,,
3350,62.74843597,,
3351,62.7435379,,
3352,62.80535507,,
3353,62.79127121,,
3354,62.83577728,,
3355,62.76951599,,
3356,62.80740356,,
3357,62.85671234,,
3358,62.82997894,,
3359,62.66535568,,
3360,62.48331833,,
3361,62.3388443,,
3362,62.35598373,,
3363,62.18667221,,
3364,62.20513916,,
3365,62.21699142,,
3366,62.26157761,,
3367,62.23413086,,
3368,62.28191376,,
3369,62.27817917,,
3370,62.37578583,,
3371,62.37253952,,
3372,62.3624382,,
3373,62.24139404,,
3374,62.32023239,,
3375,62.318573,,
3376,62.4084549,,
3377,62.41300583,,
3378,62.42771912,,
3379,62.39767456,,
3380,62.53997803,,
3381,62.52932358,,
3382,62.5178299,,
3383,62.65818405,,
3384,62.89448166,,
3385,62.93273163,,
3386,63.08823395,,
3387,62.97678375,,
3388,63.11510468,,
3389,63.15393066,,
3390,63.24189758,,
3391,63.17205811,,
3392,63.17848969,,
3393,63.12753296,,
3394,63.10224533,,
3395,63.07991791,,
3396,63.13152313,,
3397,63.03351593,,
3398,63.11385345,,
3399,63.10876083,,
3400,63.17509079,,
3401,63.12571335,,
3402,63.14074707,,
3403,63.08561325,,
3404,63.09642029,,
3405,63.06754684,,
3406,63.00762939,,
3407,62.91577148,,
3408,62.84090424,,
3409,62.73528671,,
3410,62.74925995,,
3411,62.66392517,,
3412,62.7341423,,
3413,62.74174118,,
3414,62.75395966,,
3415,62.68538666,,
3416,62.8205986,,
3417,62.82907104,,
3418,62.78579712,,
3419,62.76721954,,
3420,62.80978394,,
3421,62.70200729,,
3422,62.71246338,,
3423,62.62867355,,
3424,62.65048981,,
3425,62.6044426,,
3426,62.64573288,,
3427,62.6568985,,
3428,62.70095444,,
3429,62.74300385,,
3430,62.76620102,,
3431,62.67250824,,
3432,62.63896942,,
3433,62.57889938,,
3434,62.67606354,,
3435,62.58422852,,
3436,62.74354172,,
3437,63.09836578,,
3438,63.43093872,,
3439,63.60202789,,
3440,63.67563629,,
3441,63.69169235,,
3442,63.78849411,,
3443,63.87928391,,
3444,63.94117355,,
3445,63.98614502,,
3446,64.17556763,,
3447,64.24150848,,
3448,64.29272461,,
3449,64.27974701,,
3450,64.29299927,,
3451,64.15531921,,
3452,64.13655853,,
3453,64.15713501,,
3454,64.22014618,,
3455,64.14402008,,
3456,64.28771973,,
3457,64.2290802,,
3458,64.27092743,,
3459,64.24763489,,
3460,64.33999634,,
3461,64.18133545,,
3462,64.23344421,,
3463,64.30116272,,
3464,64.3941803,,
3465,64.29849243,,
3466,64.06272888,,
3467,63.97319794,,
3468,63.77454758,,
3469,63.72297668,,
3470,63.70110321,,
3471,63.46405029,,
3472,63.43162537,,
3473,63.35123825,,
3474,63.40502548,,
3475,63.28103638,,
3476,63.3090744,,
3477,63.23987961,,
3478,63.07395554,,
3479,63.0631218,,
3480,62.94396973,,
3481,62.99703217,,
3482,63.0270462,,
3483,63.10530853,,
3484,63.22903061,,
3485,63.09881592,,
3486,63.29097748,,
3487,63.13196945,,
3488,63.11031342,,
3489,62.97277832,,
3490,63.06391144,,
3491,62.94255066,,
3492,62.79455566,,
3493,62.74596405,,
3494,62.7618866,,
3495,62.66372681,,
3496,62.644207,,
3497,62.60519409,,
3498,62.58376694,,
3499,62.48508835,,
3500,62.44971848,,
3501,62.39861679,,
3502,62.33467102,,
3503,62.30097961,,
3504,62.28326035,,
3505,62.22544479,,
3506,62.19117355,,
3507,62.0877037,,
3508,62.13848114,,
3509,62.05869675,,
3510,62.00883484,,
3511,61.84809494,,
3512,61.68859863,,
3513,61.47288132,,
3514,61.38484955,,
3515,61.27012634,,
3516,61.13157272,,
3517,61.08477783,,
3518,61.07281113,,
3519,61.07075119,,
3520,61.08293915,,
3521,61.00487518,,
3522,61.06009674,,
3523,61.03729248,,
3524,60.99950409,,
3525,60.94500732,,
3526,60.89997864,,
3527,60.8368187,,
3528,60.71063232,,
3529,60.60355759,,
3530,60.63301849,,
3531,60.64651489,,
3532,60.61517334,,
3533,60.53724289,,
3534,60.53960419,,
3535,60.47530365,,
3536,60.41633224,,
3537,60.27366257,,
3538,60.24177551,,
3539,60.15656662,,
3540,59.98878098,,
3541,59.89676666,,
3542,59.89441681,,
3543,59.8241272,,
3544,59.83594894,,
3545,59.78146362,,
3546,59.79042816,,
3547,59.72531128,,
3548,59.70533371,,
3549,59.66327667,,
3550,59.61542892,,
3551,59.50508118,,
3552,59.48320007,,
3553,59.44344711,,
3554,59.34551239,,
3555,59.16221619,,
3556,59.12538147,,
3557,59.12324524,,
3558,59.09561157,,
3559,58.94258118,,
3560,58.85363388,,
3561,58.76046753,,
3562,58.65760422,,
3563,58.55370712,,
3564,58.40394211,,
3565,58.28517914,,
3566,58.21422958,,
3567,58.12254333,,
3568,58.09379196,,
3569,58.02493286,,
3570,57.97001266,,
3571,57.9282341,,
3572,57.85675049,,
3573,57.73939514,,
3574,57.61395264,,
3575,57.52848816,,
3576,57.41703796,,
3577,57.29929733,,
3578,57.24802399,,
3579,57.16651154,,
3580,57.07299042,,
3581,56.99498749,,
3582,56.98278046,,
3583,56.86680222,,
3584,56.77531433,,
3585,56.66431427,,
3586,56.56216431,,
3587,56.60120392,,
3588,56.52184296,,
3589,56.46246338,,
3590,56.39266968,,
3591,56.47230148,,
3592,56.47842026,,
3593,56.47127914,,
3594,56.47472763,,
3595,56.47286224,,
3596,56.46087646,,
3597,56.45634079,,
3598,56.41155243,,
3599,56.37878418,,
3600,56.48123169,,
3601,56.36831284,,
3602,56.41014862,,
3603,56.49207306,,
3604,56.59747314,,
3605,56.50215149,,
3606,56.45518112,,
3607,56.34810638,,
3608,56.53573608,,
3609,56.59482956,,
3610,56.6064682,,
3611,56.70863342,,
3612,57.01885605,,
3613,57.03720093,,
3614,57.08953476,,
3615,57.07989502,,
3616,57.16627502,,
3617,57.12080002,,
3618,57.1280632,,
3619,57.03953171,,
3620,57.04821014,,
3621,56.99237061,,
3622,57.00014496,,
3623,56.96295166,,
3624,56.99238205,,
3625,56.91078949,,
3626,57.0038147,,
3627,56.95888519,,
3628,56.88913727,,
3629,56.7793808,,
3630,56.82027435,,
3631,56.75831604,,
3632,56.77947235,,
3633,56.76446533,,
3634,56.82935715,,
3635,56.87804413,,
3636,56.99313354,,
3637,57.11703491,,
3638,57.22930908,,
3639,57.25844955,,
3640,57.26421356,,
3641,57.19023132,,
3642,57.22009277,,
3643,57.1580162,,
3644,57.06160736,,
3645,57.00146103,,
3646,56.97335815,,
3647,56.8898735,,
3648,56.74962616,,
3649,56.70025253,,
3650,56.63344574,,
3651,56.61462402,,
3652,56.59716034,,
3653,56.55280304,,
3654,56.57707214,,
3655,56.56600571,,
3656,56.56764984,,
3657,56.49610519,,
3658,56.44463348,,
3659,56.37383652,,
3660,56.2770462,,
3661,56.10152435,,
3662,56.09915161,,
3663,56.12019348,,
3664,56.14255905,,
3665,56.10092163,,
3666,56.11030197,,
3667,56.09029388,,
3668,56.10713196,,
3669,56.04286194,,
3670,55.90029907,,
3671,55.89326096,,
3672,55.87542343,,
3673,55.96170044,,
3674,55.89994431,,
3675,55.9144516,,
3676,55.87110519,,
3677,55.79589081,,
3678,55.77163696,,
3679,55.84595871,,
3680,55.85668182,,
3681,55.85194016,,
3682,55.84554291,,
3683,55.91411591,,
3684,56.06729889,,
3685,56.14189911,,
3686,56.09953308,,
3687,56.01154327,,
3688,55.96925354,,
3689,55.77461243,,
3690,55.74120331,,
3691,55.7556572,,
3692,55.75726318,,
3693,55.58480072,,
3694,55.54436874,,
3695,55.52982712,,
3696,55.40994263,,
3697,55.29174805,,
3698,55.33660889,,
3699,55.30402756,,
3700,55.32113647,,
3701,55.36542892,,
3702,55.36456299,,
3703,55.37150192,,
3704,55.41560364,,
3705,55.40842438,,
3706,55.35327911,,
3707,55.30318451,,
3708,55.2179718,,
3709,55.18588257,,
3710,55.1916008,,
3711,55.16796494,,
3712,55.19339752,,
3713,55.21296692,,
3714,55.17889023,,
3715,55.20632172,,
3716,55.19070053,,
3717,55.23944092,,
3718,55.25989914,,
3719,55.30140305,,
3720,55.36941528,,
3721,55.3915863,,
3722,55.40538025,,
3723,55.32966232,,
3724,55.32535553,,
3725,55.2517395,,
3726,55.31023788,,
3727,55.32322311,,
3728,55.27813721,,
3729,55.20960617,,
3730,55.18487167,,
3731,55.19869995,,
3732,55.12763977,,
3733,55.14778137,,
3734,55.17394638,,
3735,55.26431274,,
3736,55.37560654,,
3737,55.35950851,,
3738,55.43746185,,
3739,55.31495667,,
3740,55.13568878,,
3741,55.09946823,,
3742,55.06884003,,
3743,55.10259247,,
3744,55.14822006,,
3745,55.08778,,
3746,55.08208847,,
3747,55.10951996,,
3748,55.10303497,,
3749,55.11182404,,
3750,55.09988403,,
3751,55.18951035,,
3752,55.18468475,,
3753,55.26401901,,
3754,55.26913452,,
3755,55.31423187,,
3756,55.32288361,,
3757,55.31040573,,
3758,55.3142395,,
3759,55.35324097,,
3760,55.39099121,,
3761,55.47220993,,
3762,55.63574219,,
3763,55.72150421,,
3764,55.76700974,,
3765,55.77685547,,
3766,55.67139435,,
3767,55.50330353,,
3768,55.66079712,,
3769,55.62715912,,
3770,55.65214157,,
3771,55.61733246,,
3772,55.6563797,,
3773,55.66042328,,
3774,55.76635742,,
3775,55.85754395,,
3776,55.94187546,,
3777,55.87518311,,
3778,55.8664856,,
3779,55.83958435,,
3780,55.83324814,,
3781,55.80747986,,
3782,55.81388474,,
3783,55.73974609,,
3784,55.65188599,,
3785,55.54737091,,
3786,55.57883835,,
3787,55.58154297,,
3788,55.56693268,,
3789,55.6062851,,
3790,55.58717346,,
3791,55.57821274,,
3792,55.62242889,,
3793,55.65327454,,
3794,55.63513184,,
3795,55.62730026,,
3796,55.63221359,,
3797,55.61458588,,
3798,55.61716843,,
3799,55.63174438,,
3800,55.69028473,,
3801,55.69140625,,
3802,55.66840744,,
3803,55.67711639,,
3804,55.68090057,,
3805,55.71635056,,
3806,55.80341721,,
3807,55.77323914,,
3808,55.78872299,,
3809,55.80115891,,
3810,55.82023239,,
3811,55.85025787,,
3812,55.81819916,,
3813,55.78715134,,
3814,55.77172089,,
3815,55.81460571,,
3816,55.93169403,,
3817,55.88961029,,
3818,55.91214752,,
3819,55.92391205,,
3820,55.95077515,,
3821,55.96180725,,
3822,55.95188522,,
3823,55.93600464,,
3824,55.89388657,,
3825,55.88721848,,
3826,55.90299606,,
3827,55.95095444,,
3828,55.95338058,,
3829,56.00600433,,
3830,56.08105469,,
3831,56.12296677,,
3832,56.25599289,,
3833,56.1161499,,
3834,56.08901596,,
3835,56.10273361,,
3836,56.07780075,,
3837,56.05489349,,
3838,56.08837509,,
3839,55.96630096,,
3840,55.98771286,,
3841,55.74237061,,
3842,55.74735641,,
3843,55.65233612,,
3844,55.56237411,,
3845,55.40147018,,
3846,55.4824028,,
3847,55.46022797,,
3848,55.55443573,,
3849,55.92109299,,
3850,56.07024384,,
3851,56.21498108,,
3852,56.38705444,,
3853,56.47344208,,
3854,56.58625031,,
3855,56.51815033,,
3856,56.43201828,,
3857,56.40658188,,
3858,56.3337326,,
3859,56.30830002,,
3860,56.11652374,,
3861,56.02465439,,
3862,55.87878418,,
3863,55.83860397,,
3864,55.98469543,,
3865,55.95760727,,
3866,55.98220062,,
3867,56.04330444,,
3868,55.96709442,,
3869,56.0111084,,
3870,55.91149521,,
3871,55.91326141,,
3872,55.84078979,,
3873,55.81669617,,
3874,55.76725388,,
3875,55.78191757,,
3876,55.71938324,,
3877,55.68997192,,
3878,55.71446991,,
3879,55.79668427,,
3880,55.75891113,,
3881,55.76075363,,
3882,55.84332275,,
3883,55.9309082,,
3884,55.88150024,,
3885,55.90581512,,
3886,55.8817749,,
3887,55.89659882,,
3888,55.94384766,,
3889,55.89323044,,
3890,55.97603607,,
3891,55.96201706,,
3892,55.89559937,,
3893,55.91985321,,
3894,55.92404175,,
3895,55.97719574,,
3896,55.93644333,,
3897,55.91925049,,
3898,55.86286163,,
3899,55.84424973,,
3900,55.83115768,,
3901,55.79731369,,
3902,55.7796936,,
3903,55.8478775,,
3904,55.87332916,,
3905,55.95559692,,
3906,55.95898438,,
3907,55.98493195,,
3908,55.91085052,,
3909,55.89643478,,
3910,55.87413025,,
3911,55.81079102,,
3912,55.70595551,,
3913,55.70375061,,
3914,55.77971649,,
3915,55.80923462,,
3916,55.77022552,,
3917,55.75168991,,
3918,55.71683884,,
3919,55.72744751,,
3920,55.69522095,,
3921,55.6039238,,
3922,55.52954102,,
3923,55.50421143,,
3924,55.3398056,,
3925,55.1853714,,
3926,55.26604843,,
3927,55.42463684,,
3928,55.38934326,,
3929,55.28818893,,
3930,55.06994247,,
3931,54.93544769,,
3932,55.02185059,,
3933,55.04296875,,
3934,55.09782028,,
3935,55.02651215,,
3936,55.0422287,,
3937,54.95381927,,
3938,54.77410126,,
3939,54.71762085,,
3940,54.8391037,,
3941,54.84712982,,
3942,54.95857239,,
3943,54.96839523,,
3944,54.99282074,,
3945,55.01964951,,
3946,54.98223877,,
3947,55.01818466,,
3948,54.92996216,,
3949,54.89995575,,
3950,54.86576462,,
3951,54.85897446,,
3952,54.7653656,,
3953,54.79226685,,
3954,54.70547485,,
3955,54.64144897,,
3956,54.64544296,,
3957,54.61569977,,
3958,54.60316086,,
3959,54.59803391,,
3960,54.45038986,,
3961,54.48670197,,
3962,54.47497559,,
3963,54.4679985,,
3964,54.42496872,,
3965,54.4066124,,
3966,54.35237885,,
3967,54.34470749,,
3968,54.38216782,,
3969,54.36737823,,
3970,54.32256317,,
3971,54.28420258,,
3972,54.28106689,,
3973,54.28179932,,
3974,54.28148651,,
3975,54.30953217,,
3976,54.28920746,,
3977,54.34681702,,
3978,54.36788177,,
3979,54.39431763,,
3980,54.37966537,,
3981,54.41563416,,
3982,54.39527512,,
3983,54.47121429,,
3984,54.38218689,,
3985,54.36658859,,
3986,54.44596481,,
3987,54.46852875,,
3988,54.50938034,,
3989,54.52409363,,
3990,54.49259186,,
3991,54.51760864,,
3992,54.51218796,,
3993,54.50048065,,
3994,54.46657944,,
3995,54.44252014,,
3996,54.44950104,,
3997,54.44734955,,
3998,54.45207977,,
3999,54.5164299,,
4000,54.4711113,,
4001,54.46130371,,
4002,54.44936752,,
4003,54.44245529,,
4004,54.49671173,,
4005,54.54801941,,
4006,54.60549545,,
4007,54.64271164,,
4008,54.73607635,,
4009,54.82856369,,
4010,54.94117355,,
4011,55.00964355,,
4012,55.00403595,,
4013,55.00220871,,
4014,55.04586792,,
4015,55.12491989,,
4016,55.14022827,,
4017,55.12388229,,
4018,55.15783691,,
4019,55.15496063,,
4020,55.19010162,,
4021,55.19501877,,
4022,55.24004364,,
4023,55.29859924,,
4024,55.32819366,,
4025,55.31890869,,
4026,55.31643677,,
4027,55.269207,,
4028,55.34511566,,
4029,55.40520477,,
4030,55.41562653,,
4031,55.40496826,,
4032,55.56863403,,
4033,55.58413315,,
4034,55.58266449,,
4035,55.53969574,,
4036,55.53057098,,
4037,55.39546967,,
4038,55.36988449,,
4039,55.34648895,,
4040,55.28219604,,
4041,55.19314575,,
4042,55.14939499,,
4043,55.13259506,,
4044,55.05691528,,
4045,55.07150269,,
4046,55.1169548,,
4047,55.11365891,,
4048,55.03147125,,
4049,54.99830627,,
4050,54.91261292,,
4051,54.89956665,,
4052,54.89300537,,
4053,54.86860275,,
4054,54.89273071,,
4055,54.89829636,,
4056,54.85653687,,
4057,54.83748627,,
4058,54.84204102,,
4059,54.84855652,,
4060,54.84854126,,
4061,54.90119934,,
4062,54.89483261,,
4063,54.88979721,,
4064,54.89859009,,
4065,54.91534042,,
4066,54.90856171,,
4067,54.87799072,,
4068,54.92756653,,
4069,54.97468185,,
4070,54.97982025,,
4071,54.91010284,,
4072,54.93886566,,
4073,54.9647522,,
4074,54.99518967,,
4075,54.97100067,,
4076,54.99081421,,
4077,54.97683716,,
4078,55.02588654,,
4079,55.021698,,
4080,55.05535889,,
4081,55.06793976,,
4082,55.12952423,,
4083,55.08715057,,
4084,55.0658226,,
4085,55.01789474,,
4086,54.98178101,,
4087,54.96643829,,
4088,54.9504776,,
4089,54.93586349,,
4090,55.01392746,,
4091,54.99836349,,
4092,55.03228378,,
4093,55.05101776,,
4094,55.01384735,,
4095,54.93557739,,
4096,54.96285629,,
4097,54.9869957,,
4098,54.96340179,,
4099,54.92431259,,
4100,54.88920212,,
4101,54.87429428,,
4102,54.85272217,,
4103,54.82478333,,
4104,54.79198456,,
4105,54.81164551,,
4106,54.8344574,,
4107,54.8104248,,
4108,54.86249924,,
4109,54.88534164,,
4110,54.87709808,,
4111,54.876297,,
4112,54.87096405,,
4113,54.83725739,,
4114,54.86407471,,
4115,54.88970184,,
4116,55.0619812,,
4117,55.08321381,,
4118,55.1371994,,
4119,54.97237396,,
4120,55.02952194,,
4121,55.02780151,,
4122,55.05887985,,
4123,54.98406982,,
4124,55.07332611,,
4125,55.00701523,,
4126,55.03862,,
4127,55.10425949,,
4128,55.07648468,,
4129,55.0537529,,
4130,55.15160751,,
4131,55.17575836,,
4132,55.23736572,,
4133,54.98427963,,
4134,54.81707001,,
4135,54.86945343,,
4136,54.94659424,,
4137,54.91108322,,
4138,54.82523727,,
4139,54.87205505,,
4140,55.04078293,,
4141,55.03348923,,
4142,55.08763885,,
4143,55.10065842,,
4144,55.10963058,,
4145,55.06876373,,
4146,55.0850029,,
4147,54.99962616,,
4148,55.048172,,
4149,54.95179367,,
4150,55.00041199,,
4151,54.99885559,,
4152,54.95335007,,
4153,54.90501022,,
4154,54.96526337,,
4155,54.95128632,,
4156,54.95963669,,
4157,54.92401123,,
4158,54.91927338,,
4159,54.91394043,,
4160,54.96364594,,
4161,54.96708298,,
4162,54.93958282,,
4163,54.88458252,,
4164,54.96599579,,
4165,54.96509933,,
4166,54.97866821,,
4167,54.98622894,,
4168,55.02982712,,
4169,54.99058151,,
4170,54.94869614,,
4171,54.93946457,,
4172,54.97359467,,
4173,54.92632675,,
4174,54.95343781,,
4175,55.01865768,,
4176,54.95846558,,
4177,54.97863007,,
4178,55.00949097,,
4179,55.00842285,,
4180,55.02643967,,
4181,55.04960251,,
4182,55.14162827,,
4183,55.14960861,,
4184,55.12744141,,
4185,55.12903595,,
4186,55.08712769,,
4187,55.05158615,,
4188,54.96020508,,
4189,54.89503479,,
4190,54.9317131,,
4191,54.86133575,,
4192,54.89902878,,
4193,54.91225815,,
4194,54.94731903,,
4195,54.95518112,,
4196,55.02175903,,
4197,55.02039337,,
4198,55.05251312,,
4199,55.00482941,,
4200,55.03809738,,
4201,55.12836838,,
4202,55.1583786,,
4203,55.17626953,,
4204,55.23286057,,
4205,55.23353195,,
4206,55.20176315,,
4207,55.23113251,,
4208,55.20938873,,
4209,55.22430038,,
4210,55.28255463,,
4211,55.24745941,,
4212,55.24996567,,
4213,55.22305298,,
4214,55.2821579,,
4215,55.25815582,,
4216,55.17844772,,
4217,55.15328598,,
4218,55.16107178,,
4219,55.19267273,,
4220,55.20742035,,
4221,55.20149231,,
4222,55.17655945,,
4223,55.22370911,,
4224,55.15061569,,
4225,55.13661957,,
4226,55.18672943,,
4227,55.19184875,,
4228,55.18305969,,
4229,55.11125946,,
4230,55.08556366,,
4231,55.0694809,,
4232,55.07194138,,
4233,55.10328674,,
4234,55.06650925,,
4235,55.05609894,,
4236,55.02326202,,
4237,54.97277832,,
4238,55.01103973,,
4239,54.99580002,,
4240,54.95929718,,
4241,54.95748138,,
4242,54.93624115,,
4243,54.95065308,,
4244,54.92189789,,
4245,54.92816925,,
4246,54.89255905,,
4247,54.88830566,,
4248,54.92905426,,
4249,54.92644501,,
4250,54.977005,,
4251,54.92953491,,
4252,54.91942596,,
4253,54.9546051,,
4254,54.93739319,,
4255,54.92655945,,
4256,54.91877365,,
4257,54.90425873,,
4258,54.88973999,,
4259,54.88651276,,
4260,54.93642426,,
4261,54.92188263,,
4262,54.94380951,,
4263,54.9161377,,
4264,54.96321869,,
4265,54.91036606,,
4266,54.91778564,,
4267,54.89200974,,
4268,54.94031525,,
4269,54.93370819,,
4270,54.93473434,,
4271,54.91173553,,
4272,54.94469833,,
4273,54.91266632,,
4274,54.90107346,,
4275,54.94028854,,
4276,54.93870163,,
4277,54.96285248,,
4278,54.966259,,
4279,54.9574585,,
4280,54.96349716,,
4281,54.96882629,,
4282,54.96031952,,
4283,54.93801117,,
4284,54.9113884,,
4285,54.93244553,,
4286,55.02183533,,
4287,54.99518967,,
4288,55.03670883,,
4289,55.00727081,,
4290,55.02365112,,
4291,55.0552597,,
4292,55.16264343,,
4293,55.12381744,,
4294,55.20227051,,
4295,55.20365524,,
4296,55.39318466,,
4297,55.44874191,,
4298,55.47357178,,
4299,55.51248169,,
4300,55.49788666,,
4301,55.48948288,,
4302,55.56079865,,
4303,55.58049011,,
4304,55.65795898,,
4305,55.70504379,,
4306,55.77536011,,
4307,55.83056641,,
4308,56.03216553,,
4309,56.05761337,,
4310,56.14980698,,
4311,56.16226959,,
4312,56.27523041,,
4313,56.32181931,,
4314,56.42641449,,
4315,56.4761467,,
4316,56.63674927,,
4317,56.69904709,,
4318,56.824646,,
4319,56.77764511,,
4320,56.93271637,,
4321,56.91321945,,
4322,57.05086899,,
4323,57.08028412,,
4324,57.19337463,,
4325,57.2293663,,
4326,57.31771851,,
4327,57.31921005,,
4328,57.44914246,,
4329,57.415802,,
4330,57.59011841,,
4331,57.7049408,,
4332,57.85818481,,
4333,57.83750534,,
4334,57.88407135,,
4335,57.97237396,,
4336,58.21235275,,
4337,58.27104187,,
4338,58.36592102,,
4339,58.36412048,,
4340,58.47746277,,
4341,58.55168915,,
4342,58.70014572,,
4343,58.73348236,,
4344,58.90264511,,
4345,58.82836533,,
4346,58.91526031,,
4347,58.81760406,,
4348,58.81720734,,
4349,58.79205322,,
4350,58.90032959,,
4351,58.93429565,,
4352,59.10446167,,
4353,59.08654404,,
4354,59.2065239,,
4355,59.13880539,,
4356,59.15358734,,
4357,59.11186981,,
4358,59.17385483,,
4359,59.07808685,,
4360,59.13211823,,
4361,59.03750229,,
4362,58.99371338,,
4363,58.92835999,,
4364,58.92617798,,
4365,58.81165695,,
4366,58.86828613,,
4367,58.80083466,,
4368,58.73992157,,
4369,58.64695358,,
4370,58.72579575,,
4371,58.64098358,,
4372,58.6159668,,
4373,58.50811005,,
4374,58.43415833,,
4375,58.29319382,,
4376,58.31306458,,
4377,58.23195648,,
4378,58.23002243,,
4379,58.11827087,,
4380,57.96191025,,
4381,57.847229,,
4382,57.83049774,,
4383,57.72494125,,
4384,57.68191528,,
4385,57.60316467,,
4386,57.58119965,,
4387,57.48921204,,
4388,57.48138428,,
4389,57.33709335,,
4390,57.31932068,,
4391,57.24267578,,
4392,57.12009811,,
4393,57.07947922,,
4394,57.03303146,,
4395,56.86100006,,
4396,56.72335052,,
4397,56.58221054,,
4398,56.41778183,,
4399,56.26611328,,
4400,56.22213745,,
4401,56.23603439,,
4402,56.25223923,,
4403,56.20794678,,
4404,56.09925079,,
4405,55.96971893,,
4406,55.97907639,,
4407,55.96539307,,
4408,56.00608063,,
4409,55.92087555,,
4410,55.98887253,,
4411,56.01384735,,
4412,56.00909042,,
4413,56.01861191,,
4414,56.02264023,,
4415,55.96837997,,
4416,55.82928467,,
4417,55.74132538,,
4418,55.810112,,
4419,55.77497864,,
4420,55.77548218,,
4421,55.6857872,,
4422,55.69686127,,
4423,55.68002319,,
4424,55.60626984,,
4425,55.56193161,,
4426,55.56808472,,
4427,55.5524826,,
4428,55.57062912,,
4429,55.50217819,,
4430,55.40886688,,
4431,55.25065231,,
4432,55.11543274,,
4433,55.0316925,,
4434,54.99488831,,
4435,55.0290451,,
4436,55.02822113,,
4437,55.07020187,,
4438,55.05060959,,
4439,55.06149292,,
4440,55.09142303,,
4441,55.08809662,,
4442,55.14086533,,
4443,55.12904358,,
4444,55.10572052,,
4445,55.10407639,,
4446,55.10929489,,
4447,55.09744263,,
4448,55.10075378,,
4449,55.10235596,,
4450,55.03446198,,
4451,55.03736115,,
4452,55.08544922,,
4453,55.05008698,,
4454,55.05973053,,
4455,55.02122498,,
4456,55.05910492,,
4457,55.06188202,,
4458,55.10999298,,
4459,55.07653046,,
4460,55.1192627,,
4461,55.07812119,,
4462,55.09816742,,
4463,55.11278534,,
4464,55.06442261,,
4465,55.13731384,,
4466,55.19093323,,
4467,55.19513702,,
4468,54.9597168,,
4469,55.00506592,,
4470,55.01138306,,
4471,55.02220917,,
4472,55.02768707,,
4473,55.0656662,,
4474,55.0701828,,
4475,55.14718246,,
4476,55.21611786,,
4477,55.21093369,,
4478,55.25047302,,
4479,55.2133255,,
4480,55.21117401,,
4481,55.21276474,,
4482,55.21445847,,
4483,55.19764709,,
4484,55.12114716,,
4485,55.09305954,,
4486,55.06985474,,
4487,55.08222961,,
4488,55.11730576,,
4489,55.18734741,,
4490,55.25945663,,
4491,55.3923645,,
4492,55.34243774,,
4493,55.33557892,,
4494,55.44031906,,
4495,55.47564697,,
4496,55.49485779,,
4497,55.37352753,,
4498,55.30752563,,
4499,55.29421997,,
4500,55.26615906,,
4501,55.27539825,,
4502,55.40720749,,
4503,55.32658005,,
4504,55.31422043,,
4505,55.22910309,,
4506,55.23836517,,
4507,55.25776672,,
4508,55.25373077,,
4509,55.21618652,,
4510,55.2453537,,
4511,55.18941498,,
4512,55.22024536,,
4513,55.20816803,,
4514,55.16395187,,
4515,55.23471832,,
4516,55.31066132,,
4517,55.3289566,,
4518,55.33081055,,
4519,55.37481308,,
4520,55.46091461,,
4521,55.42261505,,
4522,55.29897308,,
4523,55.23495102,,
4524,55.24707031,,
4525,55.20313644,,
4526,55.28160095,,
4527,55.31487274,,
4528,55.32294846,,
4529,55.23706055,,
4530,55.2220993,,
4531,55.16334152,,
4532,55.16633224,,
4533,55.23325348,,
4534,55.25436401,,
4535,55.25852585,,
4536,55.1840744,,
4537,55.12349701,,
4538,55.15449142,,
4539,55.11590195,,
4540,55.07424927,,
4541,55.02137375,,
4542,55.0015564,,
4543,54.97576904,,
4544,55.03628159,,
4545,55.05111313,,
4546,55.03396606,,
4547,55.00764084,,
4548,54.96277618,,
4549,54.98433685,,
4550,54.93505859,,
4551,54.8457756,,
4552,54.89260483,,
4553,54.84217453,,
4554,54.78512192,,
4555,54.76353455,,
4556,54.74318695,,
4557,54.74067307,,
4558,54.75475693,,
4559,54.76716232,,
4560,54.78448486,,
4561,54.75760651,,
4562,54.71956635,,
4563,54.66854095,,
4564,54.64221191,,
4565,54.65542603,,
4566,54.62345123,,
4567,54.5895195,,
4568,54.45469666,,
4569,54.35958099,,
4570,54.29475021,,
4571,54.28136444,,
4572,54.09150696,,
4573,54.02642822,,
4574,53.96073532,,
4575,53.96885681,,
4576,53.96582794,,
4577,54.00405502,,
4578,53.98641205,,
4579,53.975811,,
4580,53.93096161,,
4581,53.97212982,,
4582,53.92101288,,
4583,53.90768051,,
4584,53.89044189,,
4585,53.91592407,,
4586,53.88264465,,
4587,53.93254852,,
4588,53.95831299,,
4589,53.9998436,,
4590,53.99210739,,
4591,53.96323776,,
4592,53.950737,,
4593,53.93851852,,
4594,53.90848923,,
4595,53.95898438,,
4596,53.90604782,,
4597,53.94890594,,
4598,53.97489548,,
4599,53.90949631,,
4600,53.93470383,,
4601,53.923172,,
4602,53.92501068,,
4603,53.97995758,,
4604,54.02370453,,
4605,54.08465195,,
4606,54.0520134,,
4607,54.07385254,,
4608,54.14603806,,
4609,54.12456894,,
4610,54.10132599,,
4611,54.0694809,,
4612,54.09618378,,
4613,54.08662415,,
4614,54.01074982,,
4615,54.05488205,,
4616,54.01083374,,
4617,54.04042053,,
4618,54.04089355,,
4619,54.04439545,,
4620,54.1039505,,
4621,54.0544548,,
4622,54.06940842,,
4623,54.07073212,,
4624,54.11976242,,
4625,54.15856171,,
4626,54.15280151,,
4627,54.13471985,,
4628,54.1632309,,
4629,54.16693115,,
4630,54.13619232,,
4631,54.13565063,,
4632,54.17790985,,
4633,54.23644257,,
4634,54.18466949,,
4635,54.14414597,,
4636,54.14501953,,
4637,54.19730377,,
4638,54.13993073,,
4639,54.16229248,,
4640,54.15259933,,
4641,54.19406128,,
4642,54.14916229,,
4643,54.15903854,,
4644,54.14738083,,
4645,54.1938591,,
4646,54.1550293,,
4647,54.159935,,
4648,54.1157608,,
4649,54.21350861,,
4650,54.16949081,,
4651,54.215271,,
4652,54.18867111,,
4653,54.22509003,,
4654,54.22374725,,
4655,54.266716,,
4656,54.30866241,,
4657,54.34871674,,
4658,54.43717575,,
4659,54.38708496,,
4660,54.42043304,,
4661,54.52235413,,
4662,54.57485962,,
4663,54.55872345,,
4664,54.53948975,,
4665,54.50572968,,
4666,54.47490692,,
4667,54.45075989,,
4668,54.51509857,,
4669,54.46399689,,
4670,54.43989182,,
4671,54.40830612,,
4672,54.44178772,,
4673,54.40558624,,
4674,54.41536713,,
4675,54.45991516,,
4676,54.4704361,,
4677,54.43545151,,
4678,54.4417038,,
4679,54.4672699,,
4680,54.40081024,,
4681,54.38108826,,
4682,54.41282654,,
4683,54.41191864,,
4684,54.41717529,,
4685,54.39753342,,
4686,54.38015366,,
4687,54.39736176,,
4688,54.3261261,,
4689,54.37609863,,
4690,54.37212372,,
4691,54.36691284,,
4692,54.2452507,,
4693,54.29681015,,
4694,54.34777451,,
4695,54.38699341,,
4696,54.48880005,,
4697,54.48102951,,
4698,54.4995842,,
4699,54.50213623,,
4700,54.47666168,,
4701,54.54062653,,
4702,54.48501587,,
4703,54.51784515,,
4704,54.53939819,,
4705,54.53805542,,
4706,54.57862473,,
4707,54.55666351,,
4708,54.48637009,,
4709,54.51254272,,
4710,54.57868576,,
4711,54.55617523,,
4712,54.58848572,,
4713,54.62236786,,
4714,54.56765366,,
4715,54.58848572,,
4716,54.53365326,,
4717,54.51008606,,
4718,54.46395874,,
4719,54.49190521,,
4720,54.52056122,,
4721,54.54321289,,
4722,54.65496063,,
4723,54.6220932,,
4724,54.61410522,,
4725,54.63860321,,
4726,54.60741806,,
4727,54.61025238,,
4728,54.51869202,,
4729,54.62635422,,
4730,54.71079254,,
4731,54.73946381,,
4732,54.73892212,,
4733,54.71207428,,
4734,54.72731781,,
4735,54.7140007,,
4736,54.73230743,,
4737,54.68640137,,
4738,54.66946411,,
4739,54.7040329,,
4740,54.73188782,,
4741,54.69062424,,
4742,54.71326828,,
4743,54.65657806,,
4744,54.67814636,,
4745,54.62927246,,
4746,54.65478516,,
4747,54.72309113,,
4748,54.72400665,,
4749,54.68251038,,
4750,54.62741089,,
4751,54.6628685,,
4752,54.53444672,,
4753,54.50226974,,
4754,54.52731323,,
4755,54.56344223,,
4756,54.55765915,,
4757,54.51252365,,
4758,54.46203232,,
4759,54.42366791,,
4760,54.3924675,,
4761,54.34467316,,
4762,54.24140549,,
4763,54.20269012,,
4764,54.16019821,,
4765,54.16007614,,
4766,54.22248459,,
4767,54.20026398,,
4768,54.20212936,,
4769,54.16500473,,
4770,54.18543243,,
4771,54.1835022,,
4772,54.16675949,,
4773,54.17731857,,
4774,54.17750168,,
4775,54.16884613,,
4776,54.07978821,,
4777,54.12603378,,
4778,54.15231323,,
4779,54.1456604,,
4780,54.12516403,,
4781,54.13634491,,
4782,54.14469528,,
4783,54.20108032,,
4784,54.21473312,,
4785,54.17394257,,
4786,54.17996216,,
4787,54.21324921,,
4788,54.22434616,,
4789,54.17956543,,
4790,54.23886108,,
4791,54.27932358,,
4792,54.27603149,,
4793,54.22676849,,
4794,54.18725586,,
4795,54.22468185,,
4796,54.20136261,,
4797,54.21901703,,
4798,54.23029709,,
4799,54.26276779,,
